alert_key,date,probability
352249,365,0.0041849823691078
352253,365,0.0042585716551973
352254,365,0.0042324048247327
352280,365,0.0041768664994475
352282,365,0.0041745557168886
352291,365,0.0041763201684054
352298,365,0.0041745580990456
352301,365,0.0041745412158176
352302,365,0.0041746073329426
352305,365,0.0041838272319368
352307,365,
352309,365,0.0041773424662563
352312,365,
352316,365,0.0086363961776105
352320,365,0.0041745611180936
352329,365,0.0086326443920841
352330,365,0.0041745552884028
352331,365,0.0041748068711776
352332,365,0.004174537575344
352337,365,0.0041746893279344
352342,365,0.0041750989531343
352343,365,0.006485282492867
352344,365,0.0041745754579336
352465,365,0.0144666772410309
352470,365,0.0042487569900262
352472,365,
352476,365,0.0041745371259425
352480,365,0.004177550488054
352484,365,
352487,365,0.0041765369502249
352488,365,0.0041746093237004
352492,365,0.0041745577232316
352493,365,0.0041745371022782
352494,365,0.0086380884420508
352495,365,0.0427238592267514
352497,365,0.0041837021262344
352501,365,0.005932747415541
352503,365,0.0042485573519066
352507,365,
352508,365,0.0041839552242309
352520,365,
352522,365,0.0041745375484128
352557,365,0.0041778966736669
352558,365,0.0041912687746685
352651,365,0.0054145767545433
352654,365,0.0041745705152275
352658,365,0.0042808422537459
352660,365,0.0042330744630999
352670,365,0.0041833614295938
352680,365,
352683,365,0.0041745698487995
352684,365,0.0041750744589811
352685,365,0.0041745494209883
352686,365,
352691,365,0.004589783598773
352692,365,
352693,365,0.0041747286668612
352696,365,0.0041746253588407
352699,365,0.0041745425075361
352700,365,0.0042835660625064
352704,365,0.0421313407735466
352705,365,
352710,365,0.0042485791510761
352715,365,
352816,365,0.0086544749255799
352819,365,
352857,365,0.0041755481708765
352858,365,0.0042512775458776
352859,365,0.0041765902163166
352865,365,0.0041923887592259
352866,365,
352870,365,0.0041796134901418
352871,365,0.004175011978233
352872,365,0.0045862735558242
352874,365,0.0054144492128438
352876,365,
352877,365,0.0042485559356589
352880,365,0.004174540755335
352886,365,0.0041745386800509
352888,365,0.0636803890618038
353030,371,
353032,371,0.0042307865451487
353033,371,0.0042485545234846
353041,371,0.0041745846949728
353043,371,0.0041745846342789
353045,371,0.0054420203631272
353047,371,0.0041748804541089
353051,371,0.0041745848357785
353054,371,
353056,371,0.0173501943038925
353059,371,0.0086515379598544
353065,371,0.0041772484813932
353072,371,0.0087895617203965
353074,371,0.0042165153685841
353075,371,
353077,371,0.0041745410206863
353080,371,0.0042599278029079
353083,371,0.0047058928652405
353084,371,0.0041874929934395
353166,371,
353172,371,0.0042485757672427
353178,371,0.0041752454004498
353198,371,0.0041745371022782
353200,371,0.0042485668385898
353201,371,0.004249551042857
353205,371,
353209,371,0.017161519908312
353213,371,0.0086319918605768
353220,371,0.0042491752140492
353227,371,0.0041746221695109
353229,371,0.0042485735015986
353231,371,0.0041745804596374
353233,371,0.0042486353083049
353234,371,0.0086324376570997
353236,371,
353241,371,
353243,371,
353247,371,0.9999986955587372
353248,371,0.0041746412826352
353359,371,0.0041745453527568
353366,371,0.0045186328914768
353376,371,0.0041745524823688
353383,371,0.0041799767519898
353385,371,0.0054143843741992
353386,371,
353388,371,
353394,371,0.0041745829869078
353396,371,0.0041746243461248
353399,371,0.0042526551408709
353403,371,0.0041745371022782
353404,371,
353405,371,
353407,371,0.0041811448513962
353413,371,0.0058749655077739
353415,371,
353416,371,
353494,371,0.4480193704678316
353518,371,
353540,371,0.0042488957721092
353541,371,0.0086368265903198
353545,371,0.0041911535427224
353549,371,0.004248817482824
353550,371,0.0042021119843175
353556,371,0.0041970986544529
353558,371,0.0041749676823795
353560,371,
353561,371,
353566,371,0.0041915063106165
353568,371,
353569,371,0.0041745449387619
353571,371,0.0041918928418287
353578,371,0.0041745921495436
353579,371,0.0041746142075325
353582,371,0.0043086732754167
353586,371,0.0041826661010097
353587,371,0.0041745436163131
353589,371,0.0042487599339996
353592,371,0.0041791952689845
353596,371,0.0041745633522624
353823,372,0.0042862971653801
353825,372,0.004174864059279
353831,372,0.0043070230230356
353833,372,0.004248583901128
353835,372,0.004498443911828
353843,372,0.0054145735062032
353847,372,0.0086319920216491
353848,372,0.0042075270133781
353851,372,0.0041748491984967
353855,372,0.0042494901797474
353857,372,
353860,372,0.0041747245201287
353861,372,
353864,372,0.0041747410817927
353865,372,0.0041746198994069
353867,372,0.0041764193075015
353868,372,0.0042485597721613
353870,372,
353872,372,0.0086377713619704
353875,372,0.004248578386716
353878,372,0.0041745384178503
353879,372,
353885,372,
353888,372,0.0041745411214016
353890,372,0.0430259403620808
354007,372,0.0042069313768567
354013,372,0.004283838300533
354014,372,0.9991764020259862
354015,372,
354022,372,0.008631964950754
354024,372,0.0041745450987012
354027,372,
354039,372,0.0041746091720201
354040,372,0.0041745387709047
354044,372,0.0041745651750607
354045,372,0.0041787783542398
354047,372,0.0042485544737991
354048,372,0.00417498237662
354049,372,0.0041748931218676
354054,372,0.0121925569658251
354061,372,
354143,372,0.0089535398790587
354177,372,0.0041789569840088
354178,372,0.0041745416957136
354211,372,0.0041745611225323
354212,372,
354218,372,0.9999999997139728
354220,372,0.0041745419201277
354223,372,0.0041745688053254
354226,372,0.0041746235567594
354229,372,0.004184368288046
354234,372,
354235,372,0.0041745419168198
354238,372,0.0042486172150958
354239,372,
354245,372,0.0041748033912398
354246,372,0.6876686119514858
354254,372,0.0087586560527769
354256,372,0.0041745427660257
354258,372,0.0041755418813469
354260,372,0.0041790056225258
354261,372,0.0049606980260483
354262,372,0.0041745741666168
354263,372,0.0042007574274287
354401,372,0.0041746806808888
354402,372,
354407,372,
354413,372,0.0041753606619685
354415,372,
354417,372,0.004209591962526
354421,372,0.0086319703362642
354423,372,
354428,372,0.004186613849954
354430,372,0.004174611519251
354431,372,0.0041745686200197
354432,372,0.0041745386831274
354435,372,0.0086366822276281
354440,372,
354442,372,
354443,372,0.0041747644365323
354446,372,0.0042485713993109
354447,372,0.0041745379724591
354448,372,
354449,372,0.0041763993551207
354452,372,0.0171652912753591
354453,372,0.0041756090328636
354459,372,0.0042602964312767
354465,372,0.0041745657267922
354468,372,
354470,372,0.0041755802047239
354471,372,0.0042496002639685
354565,375,
354569,375,0.0043140538508478
354573,375,0.0042485565105173
354576,375,0.0054170577854492
354595,375,0.0041746656876308
354596,375,0.0042287449399922
354603,375,0.3545949102406625
354604,375,0.0042488352663249
354606,375,0.0042598978350447
354607,375,0.0041745371052354
354609,375,
354612,375,0.004174588282276
354613,375,0.0041748718057111
354616,375,0.0041746825994835
354618,375,0.0041750492460386
354619,375,0.0042078683515434
354622,375,0.0042190943271269
354625,375,0.7300119335780546
354628,375,
354629,375,0.0041745960307266
354630,375,
354633,375,
354642,375,0.0041749853511193
354643,375,
354652,375,0.0086852192616179
354658,375,0.0041760086027837
354661,375,0.0042908252235806
354662,375,0.0041747194402051
354663,375,
354667,375,0.0041880577878244
354668,375,0.0053529745236959
354669,375,0.0041747200351256
354670,375,0.0042063774072057
354672,375,0.0086610769046306
354673,375,0.004174539569238
354675,375,0.0041748076524705
354679,375,0.0042485565817333
354756,375,
354759,375,0.0041748207019965
354778,375,0.0042200731497015
354780,375,0.0042485580552809
354788,375,0.0042485622756708
354790,375,0.943919931929892
354792,375,0.0086320352942839
354795,375,0.0042485577030458
354796,375,
354798,375,0.004183966434035
354799,375,0.0171678689305566
354801,375,0.0044849252054035
354804,375,0.0086321273570052
354807,375,0.0042486679960714
354810,375,0.0086321381452685
354813,375,0.0042602582904159
354814,375,0.0044061224560623
354817,375,0.0041799126025017
354818,375,
354819,375,0.0041745542696
354820,375,0.7300425396665684
354821,375,
354824,375,0.0041826210409589
354826,375,0.0041751364273829
354828,375,
354831,375,
354834,375,0.0042485714836701
354836,375,0.0086321965961333
354837,375,0.0042486875222079
354842,375,
354847,375,
354850,375,
354853,375,
354854,375,0.0041745422753855
354855,375,0.9999990533920262
354911,375,
354928,375,0.0042133271746857
354930,375,0.0041746148813943
354935,375,0.0042552172317097
354938,375,0.0041748028152003
354939,375,0.0042361189222712
354942,375,
354943,375,
354944,375,0.0041745450371302
354947,375,0.0041747893428297
354950,375,0.004174555389611
354951,375,0.0042798091773043
354958,375,0.0041745606665408
354959,375,0.0041830320289329
354962,375,0.0041760178120109
354966,375,0.0041745686945826
354967,375,0.0041749852050891
354968,375,0.0041861215324404
354970,375,0.0041767353182815
354971,375,0.0041809917998191
354973,375,0.0275842695927896
354978,375,0.0041745386754365
355090,375,0.1535584394782972
355091,375,0.0054143895334572
355123,375,0.0041745371081929
355134,375,
355146,375,0.0042492139768416
355147,375,0.0172117342834814
355150,375,
355152,375,0.004200849351207
355155,375,0.0041811657318631
355156,375,0.0041745465305031
355166,375,0.0041760195132648
355168,375,0.0041745512879591
355171,375,
355178,375,0.004174562593003
355179,375,
355181,375,0.0041745487893491
355182,375,
355183,375,0.0041767000772699
355188,375,0.0042518124357145
355193,375,0.0041749249898366
355196,375,0.0041745404530387
355197,375,0.0042579479992688
355198,375,0.0041755584419837
355201,375,0.0042601568609907
355202,375,
355203,375,0.0041747318656971
355204,375,0.0041745453934446
355212,375,0.0042486751430723
355215,375,
355216,375,0.0044919540512048
355221,375,0.0042371534534557
355222,375,0.0041762645001939
355347,376,0.0043661445866788
355361,376,
355362,376,0.004174736264767
355364,376,
355373,376,0.0041745914152823
355375,376,0.0041761786828181
355376,376,0.0041747867174179
355378,376,0.0043639433803696
355379,376,0.004185937988005
355380,376,0.0041745801822165
355382,376,0.0086319589111793
355384,376,0.0042495329416959
355386,376,0.353205453660753
355388,376,0.0041780565480358
355389,376,0.004174539112986
355392,376,
355395,376,0.0086513215591664
355397,376,0.0041748537815419
355402,376,0.0041753954906145
355403,376,0.0044162863029265
355404,376,
355411,376,0.0041746085729894
355413,376,0.0086359352442662
355417,376,0.0041751786450308
355418,376,0.0086319601343651
355420,376,0.0041745409947308
355424,376,
355426,376,0.004179520728547
355428,376,0.0041776025327761
355429,376,0.0043140767356482
355431,376,0.0041754683781433
355434,376,
355436,376,0.0041766398789181
355458,376,0.0041745371022782
355501,376,0.0042594628292633
355519,376,0.0041755192018739
355521,376,0.0043207617263225
355522,376,
355523,376,0.0042485579882133
355525,376,0.0042897856256118
355527,376,
355532,376,0.0041745446779031
355538,376,
355540,376,0.0041745821533543
355542,376,0.0048267607464589
355545,376,
355546,376,0.0041748033798275
355548,376,0.0041745577253619
355549,376,0.0041745618021096
355555,376,0.004174561320287
355556,376,0.0041745371022782
355557,376,0.0456728445301522
355558,376,0.0053695201775083
355559,376,0.0041747834824919
355561,376,0.0041920469748282
355563,376,0.0043037627388042
355565,376,0.0042485560888206
355566,376,0.0041751493969133
355567,376,0.0041745380390314
355570,376,0.0041753600345371
355633,376,0.5065257019168187
355667,376,0.0041979542908503
355671,376,
355672,376,0.0041745813278647
355673,376,0.0041746347219672
355677,376,0.007215358963278
355678,376,0.0041745377222941
355679,376,
355705,376,0.0041841199944047
355716,376,0.0042538858738986
355724,376,0.0086319705545972
355725,376,0.0042485544737991
355729,376,0.0041747220663451
355731,376,0.0041745402643291
355734,376,0.0054144552138821
355737,376,0.0041899557398288
355740,376,0.0041745428148536
355741,376,
355745,376,
355748,376,0.0054144356171697
355751,376,0.9992156645537243
355753,376,0.0041800483686166
355755,376,0.0086696232088175
355756,376,0.0086694581108104
355757,376,0.0041745713536225
355759,376,0.0086322983511589
355761,376,0.0226066472501562
355762,376,
355769,376,0.0041745723654601
355770,376,0.0041750588336606
355772,376,
355773,376,0.0042485584300222
355775,376,
355776,376,0.0041745432190895
355780,376,0.0041745597050487
355787,376,0.0041823802176112
355789,376,0.00417455642808
355791,376,0.0041745933589363
355792,376,0.0041745548172245
355793,376,0.008631969213921
355794,376,0.0041745511515696
355795,376,0.0041918772608767
355800,376,0.0041761697326034
355801,376,0.0087016857117204
355806,376,0.0044638378824698
355808,376,0.0041745380632669
355810,376,0.0041753419310004
355812,376,
355813,376,0.0042500281697598
355814,376,0.0041750650096843
355815,376,0.0042245470780767
355816,376,0.0041781781307084
355822,376,
355827,376,0.004174644727156
355884,376,0.0043617415319227
355895,376,0.0041745371037568
355899,376,0.0042485563968161
355900,376,0.0041745381618736
355901,376,0.0086327958761551
355905,376,0.0041746098183405
355909,376,0.008632087175428
355911,376,
355915,376,0.0041745410434093
355916,376,
355917,376,0.041771526827533
356014,377,0.00417458040357
356016,377,0.0086320507447567
356017,377,
356018,377,0.004248631921227
356033,377,
356034,377,0.0054780268609411
356037,377,0.0041745710504456
356043,377,0.0041747233615875
356044,377,
356045,377,0.0041745382394107
356050,377,0.0041816145048725
356052,377,0.0042487490364556
356054,377,
356055,377,0.0086444316628559
356057,377,
356058,377,
356065,377,0.008640468573168
356068,377,0.0041745535384163
356070,377,
356075,377,
356119,377,
356120,377,0.0045823645185703
356140,377,0.0041771549429992
356156,377,
356165,377,0.0041745435803849
356173,377,0.0041846743460962
356179,377,0.0041751526943662
356180,377,0.0041878725348955
356182,377,0.0041745371022782
356183,377,0.0041752067547081
356186,377,0.004174621880077
356187,377,0.0041745375633723
356188,377,0.0042485575052948
356189,377,
356195,377,0.0041747893317017
356214,377,
356216,377,0.0054144057268218
356220,377,0.0041745456275409
356221,377,0.0041745582661644
356225,377,0.1349426037463221
356228,377,
356229,377,
356245,377,
356246,377,
356248,377,0.0054143863062555
356249,377,0.004268937580342
356288,377,0.0323719573732779
356300,377,0.0041750029585742
356303,377,0.0042485656591644
356304,377,0.0054145787540849
356305,377,0.0086320380609184
356306,377,0.0041745548993109
356307,377,
356311,377,0.0086319876031482
356313,377,
356314,377,
356315,377,
356316,377,0.0172918427623574
356369,377,0.0043509700857953
356372,377,0.0041745900179128
356384,377,
356386,377,0.0041745693172649
356387,377,0.0041815504143828
356388,377,0.0171728806796191
356390,377,
356395,377,
356399,377,0.0041745406876258
356403,377,0.0042501932306773
356405,377,
356407,377,0.0042623390109487
356408,377,0.0041748047738206
356409,377,0.0086319630137773
356410,377,
356411,377,0.0044107781131403
356413,377,0.00863296959079
356418,377,0.0042502059111362
356420,377,0.0041746526233309
356421,377,0.0042488660394282
356422,377,0.0041745386416134
356424,377,0.0041801292873961
356426,377,0.0086325927852268
356429,377,
356484,377,0.0042814083531967
356565,378,0.0042275458393137
356569,378,0.004179093927662
356588,378,
356589,378,
356594,378,0.0041755440334228
356599,378,0.0041745474369444
356600,378,0.0041745397218771
356601,378,0.0041872225485938
356602,378,0.9924355576295596
356605,378,0.0044330908091028
356606,378,0.0041745384729118
356608,378,0.0042485582948994
356610,378,0.0171589512556665
356611,378,0.0041754954136865
356612,378,0.0086319858642357
356614,378,0.0041975971270039
356617,378,0.0043520856852059
356624,378,0.004174537148141
356628,378,0.0041745371022782
356629,378,0.0041745499366389
356630,378,0.0041768288615169
356632,378,0.0041745443748786
356634,378,
356637,378,
356638,378,0.0042064676799759
356639,378,0.0041808889978187
356642,378,
356644,378,0.0041869130634682
356734,378,
356736,378,0.0042583263632858
356742,378,0.0349227466613057
356745,378,
356746,378,0.0041749014497655
356749,378,0.0041748907965267
356752,378,
356753,378,
356756,378,0.0086319641293851
356757,378,0.0041745563652458
356763,378,
356765,378,0.0043597219361414
356771,378,
356773,378,0.0041745572241887
356774,378,
356776,378,0.0041745559851518
356777,378,
356779,378,0.0046541584680647
356781,378,0.0041894453628593
356783,378,0.0041745597552658
356784,378,0.0042194274330029
356787,378,
356789,378,0.9992221408963374
356790,378,0.0042485770678976
356792,378,0.004174826316564
356795,378,0.0041745386201039
356859,378,0.0256622364154143
356884,378,
356890,378,0.0041745401766426
356911,378,0.0042290253718173
356918,378,0.0041745371866488
356924,378,
356932,378,0.0041745614026326
356941,378,0.0054167886944335
356944,378,0.0041805781940284
356949,378,0.0041747018446319
356950,378,
356951,378,0.004176034539057
356953,378,0.0042538689665571
356957,378,0.004248554833553
356959,378,0.0044651919857184
356960,378,
356962,378,0.004174538667747
356966,378,0.0041745622551105
356968,378,
356969,378,
357058,378,0.0041780368550132
357064,378,0.0041760470362633
357066,378,0.004175124948113
357067,378,
357068,378,0.0086491131229719
357069,378,
357077,378,0.0087897290669792
357079,378,0.0054149282011389
357081,378,0.0041785587828874
357084,378,
357086,378,0.0041745424038508
357089,378,0.0042485801096104
357090,378,0.0041747297271855
357091,378,0.008631959149434
357092,378,0.0042485726979592
357093,378,
357094,378,0.0041745621629766
357095,378,0.0041918398328637
357098,378,0.0043025977012723
357100,378,0.0042462567241553
357101,378,0.0086320181034855
357103,378,0.0041751434527312
357106,378,0.0042486301879825
357107,378,0.0041745378501943
357108,378,0.0042290278398957
357109,378,0.0041745492279906
357112,378,0.0042573531737839
357115,378,0.0041993753509021
357116,378,
357119,378,0.0041852200400358
357122,378,
357124,378,0.0041965764506454
357128,378,0.0041748667286076
357209,370,0.0041840026401967
357216,370,
357221,370,0.0041903376657441
357222,370,0.0041761996191916
357223,370,
357233,370,0.0041902920343185
357237,370,
357259,370,0.0042614337192375
357261,370,0.0041747250593038
357262,370,
357274,370,0.0042320176736695
357275,370,0.0041745907711144
357278,370,0.0041754288927388
357281,370,0.0041745372652649
357282,370,0.0041831975839517
357285,370,0.0041745421040709
357286,370,0.0086319589111793
357287,370,0.0054147098954794
357288,370,0.0042485636965923
357290,370,
357291,370,0.0041745648691561
357292,370,0.0041745538433535
357294,370,0.0041751904000764
357295,370,0.0041750009448727
357297,370,0.0088751292914164
357300,370,
357302,370,0.0041746636095342
357303,370,
357304,370,0.730044597694459
357307,370,0.0041745394986083
357313,370,0.0087512399103669
357314,370,0.0041766179920274
357318,370,
357319,370,0.0047728141296656
357320,370,0.0041780060513595
357321,370,
357322,370,0.0420373207121037
357324,370,0.004174595717664
357327,370,0.0041745374662372
357341,370,0.004174826322495
357347,370,0.0041979610926207
357441,370,0.0054159147501046
357442,370,0.008643090329821
357445,370,0.0041749690873669
357447,370,0.0054840304853247
357448,370,0.0041745397203008
357455,370,0.008632486505267
357456,370,0.0041814811966911
357457,370,0.0041745598142549
357458,370,
357466,370,0.004176440002025
357468,370,
357471,370,0.0045858863831394
357474,370,
357475,370,0.0041749943094792
357478,370,
357482,370,0.0041747725623433
357484,370,0.0043819138657853
357485,370,
357488,370,0.0041746495795746
357489,370,
357490,370,0.0041745574637609
357493,370,0.0041747760502917
357497,370,0.0041753656996688
357498,370,0.0086322011820394
357499,370,
357502,370,
357506,370,0.0041756407132064
357507,370,
357509,370,0.0041745385188529
357510,370,0.0041897217623899
357513,370,0.0041817248022193
357519,370,
357521,370,0.0041858844558576
357525,370,0.0041745419532187
357526,370,0.004176981591175
357527,370,0.0041863393460879
357567,370,
357628,370,
357656,370,0.0046444273597412
357658,370,
357661,370,0.0042487166973096
357668,370,0.0042355489415286
357670,370,0.0042485674298471
357671,370,0.0041745449352521
357676,370,
357677,370,
357682,370,0.0054144689800949
357688,370,0.004196429255118
357692,370,
357693,370,0.004177261190909
357695,370,0.0041745620664513
357699,370,0.0041745550699311
357700,370,0.0042485699418386
357701,370,
357702,370,0.0048232967370422
357705,370,0.00417498237662
357706,370,0.0041755229462946
357709,370,0.0050575039937448
357712,370,0.0042485665928784
357715,370,
357717,370,0.0041745378818567
357788,370,0.2518915103922793
357817,370,
357841,370,0.004244548967262
357848,370,
357849,370,0.0041747186116604
357850,370,0.004174538586326
357852,370,0.0041767491171479
357856,370,0.0054144063576027
357858,370,
357861,370,
357862,370,0.0041745413381917
357863,370,0.0041746169876544
357866,370,0.0054145208487509
357869,370,0.0041746004857603
357870,370,0.8740973340525193
357871,370,0.0086328465299193
357874,370,
357882,370,0.0041747997112399
357883,370,0.0041746102526515
357885,370,0.0042509056073895
357887,370,0.0041745743059916
357888,370,0.9992872340232196
357889,370,0.0086320224712461
357892,370,0.0042485555613769
357893,370,0.0086324961593484
357897,370,0.0042485732039813
357902,370,0.0041745371067141
357904,370,0.0047593352969102
357905,370,
357907,370,0.0292130254942894
358001,382,0.0042155304446257
358005,382,0.0041776095180911
358006,382,0.0046018607287186
358008,382,0.0041745465377274
358026,382,
358029,382,
358030,382,
358033,382,
358034,382,0.0041745375738474
358036,382,0.0054144480088785
358037,382,0.0041745386692848
358040,382,
358044,382,0.0042423244021551
358046,382,0.0041745375543959
358048,382,
358054,382,
358059,382,0.0041796467466234
358061,382,0.004174537127422
358063,382,
358064,382,0.0041752405619753
358066,382,0.004175303585247
358067,382,0.0043016862138903
358071,382,
358138,382,0.0042227366789535
358144,382,
358157,382,0.0042298181444255
358167,382,
358172,382,
358178,382,
358192,382,0.0042485564283696
358193,382,0.0043433771507627
358195,382,0.0041745734622637
358197,382,0.0042486947640878
358199,382,0.0042488821189632
358206,382,
358207,382,
358211,382,
358212,382,
358213,382,0.0042553285293155
358214,382,0.0041813633601663
358216,382,
358220,382,0.0041745372533881
358222,382,0.0041745614627719
358223,382,
358227,382,
358228,382,0.0041745787885559
358229,382,0.0086629618407252
358232,382,0.0044447608279057
358233,382,0.0043199563657257
358235,382,0.0171585876559373
358237,382,0.004254107304756
358239,382,0.0041798366965061
358242,382,0.0041748483261826
358248,382,0.0041745549034176
358250,382,0.0041745682983458
358252,382,0.0086328752574467
358253,382,0.0041746089656794
358254,382,0.9999976635236733
358256,382,
358258,382,0.0042486104603604
358260,382,0.0041760915021294
358264,382,0.0042485747100494
358265,382,0.0041747502193625
358268,382,0.0042400720072155
358269,382,
358273,382,
358276,382,0.0042591621416787
358280,382,
358281,382,0.0041746411926305
358282,382,
358298,382,0.0041745393436293
358300,382,0.999999999447267
358331,382,
358410,382,0.0114409677139978
358421,382,0.0041747737061518
358430,382,0.0041745377222941
358431,382,0.0041750826159086
358432,382,0.0041746596261112
358434,382,
358438,382,
358442,382,
358443,382,0.0086361877186561
358444,382,0.0041772416174878
358451,382,0.0041745828589469
358452,382,0.0041746491923614
358453,382,0.0054149336720859
358454,382,0.0041745375828282
358455,382,
358456,382,0.0041770084629857
358457,382,0.0087436832787385
358458,382,0.0041749518795153
358459,382,0.004215876690468
358462,382,0.0042485588344029
358463,382,0.0041745398244613
358464,382,0.0041755457978622
358466,382,0.0086319758869726
358467,382,0.004253301092499
358470,382,
358471,382,0.008638921614416
358472,382,
358479,382,0.0055430013830481
358480,382,0.0086319667359339
358481,382,0.0041765327474287
358482,382,
358568,384,0.0042985973367787
358569,384,0.0041745402547549
358588,384,
358592,384,0.0041894969573395
358593,384,0.0041745783756351
358600,384,
358601,384,
358602,384,0.0041745453439156
358604,384,0.0041745642143666
358605,384,0.0041745420244416
358610,384,0.004199032233462
358616,384,0.0043578137310027
358620,384,0.0041745990377017
358621,384,0.0041790463119021
358622,384,0.0041746919108971
358624,384,0.0041746032393058
358625,384,
358626,384,0.0041745588581335
358693,384,0.0041745372162965
358708,384,0.0041745371067141
358709,384,
358717,384,0.0041779795175518
358721,384,0.0042778399709823
358723,384,0.0042178670584096
358725,384,0.0041745452785351
358726,384,0.0041773636420571
358731,384,
358733,384,
358734,384,0.0041745706279378
358736,384,0.0041746385411438
358740,384,
358742,384,0.0211656239014774
358769,384,0.0041745375573878
358808,384,0.00417453804206
358819,384,0.0057440949930119
358828,384,
358833,384,0.0047040014230314
358834,384,
358835,384,
358836,384,0.0041757944272059
358837,384,
358841,384,
358842,384,0.0043775186411924
358844,384,0.0041746480688157
358846,384,0.0049091493963223
358847,384,0.0041929690330721
358849,384,
358850,384,0.00417453713926
358911,384,0.0898921523356786
358946,384,0.0051326256233277
358956,384,
358960,384,0.0042487551763212
358968,384,0.0041750956443163
358970,384,0.0045940941442662
358974,384,0.0041746025358117
358975,384,0.0041746228533403
358977,384,
358980,384,
358981,384,0.0042106021406455
358983,384,0.0086319629977588
358984,384,0.0045597325187333
358987,384,0.0042485711427202
358988,384,0.0086320013135079
358989,384,0.0041749337174502
358993,384,0.0041745402260447
358996,384,0.0041745371540628
359084,385,0.0041746829767417
359110,385,0.0042732153575441
359113,385,0.0041751204379199
359116,385,0.0041783075926582
359121,385,
359126,385,0.0041745425293044
359130,385,0.004248760031103
359131,385,0.0041745611247518
359132,385,
359134,385,0.004279441019579
359135,385,0.004177634840131
359141,385,0.0042486588726445
359142,385,0.004174654760042
359143,385,0.0041745377508478
359201,385,0.012596334871774
359220,385,0.0042353877901816
359222,385,0.0041957500933503
359223,385,
359227,385,0.0041747673402426
359244,385,0.0041745810995097
359247,385,0.0041745459662421
359253,385,0.0041749112544061
359255,385,0.0041745629435065
359260,385,
359263,385,
359268,385,0.0041746204150098
359269,385,0.0041745372355797
359270,385,0.0041745507460122
359272,385,0.0041745384851577
359339,385,0.0042041640032146
359340,385,
359361,385,0.0041764164359936
359362,385,
359365,385,0.0041750786419888
359369,385,0.0041746104669422
359370,385,0.0041747585596116
359371,385,
359373,385,0.004174596365353
359376,385,0.0041747389829397
359377,385,0.0054296095362554
359382,385,0.0041913826470645
359384,385,0.0041922325769833
359385,385,0.0041745452820671
359389,385,0.0041745641225123
359390,385,0.0041788418367788
359391,385,0.0042485557317928
359393,385,
359398,385,0.16294588993684
359400,385,0.0086322519582504
359467,385,
359468,385,0.0041758023566647
359469,385,0.0086321497502258
359477,385,0.0041746423049843
359481,385,0.0041746480418483
359483,385,
359487,385,0.0043023113155909
359488,385,
359491,385,0.004221160758903
359494,385,0.0086319665725332
359495,385,0.0041781506223158
359498,385,0.0054471626585786
359499,385,0.0086319878757498
359500,385,
359506,385,
359507,385,0.0041745371081929
359536,385,0.1551626699952526
359603,377,0.0041923379786037
359605,377,0.00417458040357
359607,377,0.0086320507447567
359608,377,
359610,377,0.004248631921227
359625,377,
359626,377,0.0054780268609411
359633,377,0.0041755335324507
359636,377,0.0041745573110289
359638,377,0.0041747233615875
359639,377,
359642,377,0.0041745382394107
359647,377,0.0041816145048725
359648,377,0.0041745940173689
359650,377,0.0042487490364556
359652,377,
359653,377,0.0086444316628559
359654,377,0.0042604632564302
359656,377,0.0042091659676087
359657,377,
359658,377,
359668,377,0.008640468573168
359673,377,0.0042180688917294
359674,377,0.00417454609513
359675,377,0.0041747230373928
359680,377,
359681,377,0.0041799340761385
359731,377,
359732,377,0.0045823645185703
359737,377,0.0041771549429992
359759,377,
359762,377,0.0054144057268218
359767,377,0.0041745456275409
359768,377,0.0041745582661644
359771,377,0.1349426037463221
359774,377,
359775,377,
359777,377,0.0041756759716312
359781,377,
359782,377,
359784,377,0.0054143863062555
359785,377,0.004268937580342
359819,377,
359827,377,0.0044988243984784
359828,377,0.0041745435803849
359831,377,0.004174649184623
359837,377,0.0041747138889288
359841,377,0.0041846743460962
359848,377,0.0041751526943662
359849,377,0.0041878725348955
359851,377,0.0041745371022782
359852,377,0.0041752067547081
359853,377,0.0041820232050787
359854,377,0.0041748301360076
359856,377,0.004174621880077
359857,377,0.0041745375633723
359858,377,0.0042485575052948
359860,377,0.0041751626211077
359863,377,
359925,377,0.0323719573732779
359941,377,0.0041750029585742
359945,377,0.0042485656591644
359946,377,0.0054145787540849
359947,377,0.0086320380609184
359950,377,0.0041748125942375
359954,377,0.0086319876031482
359956,377,
359959,377,
359960,377,
359961,377,0.0172918427623574
360011,377,
360015,377,0.0043509700857953
360018,377,0.0041745900179128
360029,377,0.0041935806702073
360034,377,0.0041752033548659
360037,377,
360039,377,0.0041745693172649
360040,377,0.0041815504143828
360041,377,0.0171728806796191
360043,377,
360046,377,0.0041756783293077
360049,377,
360053,377,0.0041745406876258
360058,377,0.0042501932306773
360062,377,0.0042623390109487
360063,377,0.0041748047738206
360064,377,0.0086319630137773
360065,377,0.0041745947437659
360066,377,0.0044107781131403
360069,377,0.00863296959079
360072,377,0.0041747022754131
360074,377,0.0042502059111362
360075,377,0.0041754000593176
360077,377,0.0041746526233309
360078,377,0.0042488660394282
360079,377,0.0041745386416134
360081,377,0.0041801292873961
360082,377,0.004175362447504
360085,377,0.0086325927852268
360088,377,
360090,377,0.0047705955750286
360094,377,0.0041768714140728
360147,377,0.0042814083531967
360225,386,0.0086335058728982
360226,386,0.0041771661287449
360230,386,0.0043184525567243
360231,386,
360232,386,0.0041909447195828
360233,386,
360235,386,
360249,386,0.0041750936489742
360250,386,0.0041745443071961
360251,386,0.0041745681355
360254,386,0.0041745371081929
360260,386,
360263,386,0.0041745387801552
360264,386,0.0041771665982301
360269,386,0.0041755794342154
360271,386,0.0041745661151446
360273,386,
360278,386,0.0041745436146016
360279,386,
360281,386,0.0044622265609193
360282,386,0.0041746860716531
360286,386,0.0041791219563192
360287,386,0.0041745536271379
360288,386,
360290,386,
360292,386,0.0041745788491656
360293,386,0.0043623757768497
360294,386,0.0041773613533476
360386,386,0.0043484544432618
360387,386,
360388,386,
360391,386,0.0041838545056621
360393,386,0.0041746931827965
360395,386,0.0041747157845738
360396,386,0.004248918618607
360400,386,0.0041745515596181
360401,386,
360402,386,0.0042318022188051
360406,386,0.0041745560247437
360409,386,0.0041745386600589
360468,386,0.0358226011645362
360492,386,0.0041745487199785
360513,386,0.008636110985639
360516,386,0.0172191856446096
360521,386,0.1236875422595116
360529,386,
360534,386,0.0042485593565138
360553,386,0.0041813194243813
360556,386,0.0041745402755016
360558,386,
360559,386,0.0054185318948358
360562,386,0.0041756058886601
360563,386,0.0041746051905117
360566,386,0.0041748038993213
360567,386,0.0054407408408573
360572,386,0.0042489382227919
360575,386,0.0043026612506045
360576,386,0.008643304963419
360577,386,0.0420942326029823
360581,386,0.004323295248075
360582,386,0.0041745418655773
360583,386,0.0041746404662986
360584,386,
360588,386,0.0041745395205696
360589,386,0.0041746824651624
360590,386,0.0041765296853367
360591,386,0.0041747326172091
360592,386,0.0041745384958759
360593,386,0.0042485685121456
360594,386,0.004174542358766
360596,386,0.0042485689079438
360597,386,0.0086319712123919
360598,386,0.0041826599962433
360600,386,0.0041760171448594
360601,386,0.008632005440977
360604,386,
360609,386,0.0041747567033669
360610,386,
360645,386,0.0041778280221098
360646,386,0.0041745549301167
360648,386,0.99241866557869
360649,386,0.0041773696836264
360651,386,0.0042485592657442
360652,386,0.0041745804596374
360653,386,0.004248559450824
360654,386,0.0041746502158389
360655,386,0.0042903973998574
360661,386,0.0488805920477174
360730,386,0.0041745452591127
360786,389,
360789,389,
360810,389,
360812,389,
360814,389,0.0042584782040073
360820,389,
360825,389,0.0041746905105034
360827,389,
360833,389,0.0042569136476943
360839,389,0.0042178890276861
360842,389,
360843,389,0.0041747557753359
360846,389,0.004204952675538
360847,389,0.0042219109450262
360849,389,0.0041810226594282
360854,389,0.0041746103078238
360855,389,0.0041746798289243
360923,389,0.1230868995473601
360951,389,0.0041845591211294
360954,389,0.0043213771262023
360955,389,0.0041745374036011
360976,389,0.0041745382318024
360979,389,0.0041746634302342
360985,389,0.0041747291377879
360989,389,0.0041746854897136
360990,389,0.0041747562651945
360991,389,0.0041745378969428
360997,389,0.004176851965965
360998,389,0.0043615581921149
361000,389,0.0041835693070792
361001,389,
361002,389,
361003,389,
361006,389,
361008,389,0.0041753670081906
361010,389,
361011,389,0.0041749527523842
361012,389,0.0041770695859637
361015,389,0.0041869774343771
361018,389,0.0041745392001095
361020,389,
361021,389,
361024,389,0.004175696789906
361025,389,0.0043998836972823
361028,389,
361114,389,0.0041745558249115
361117,389,0.0041745380572066
361118,389,0.0041756250804541
361123,389,0.0041747044645529
361124,389,0.0041745481269848
361128,389,0.0041749160178042
361129,389,
361133,389,
361136,389,0.0041745386754365
361137,389,0.0047071907823967
361140,389,0.0041745746106809
361141,389,0.0041754743753183
361143,389,0.0041746074064017
361144,389,0.0041745371037568
361145,389,0.6411966245858887
361146,389,0.0041763229948488
361147,389,0.0042485826155991
361150,389,0.0041817445663466
361152,389,0.0041745516321159
361158,389,
361160,389,0.0041745465792849
361162,389,0.0820453612657992
361166,389,0.0041745372281619
361234,389,
361261,389,0.0041745371022782
361262,389,0.0086323971638886
361263,389,0.0041746120099625
361266,389,
361269,389,
361270,389,0.0061930587203399
361273,389,
361277,389,
361278,389,0.0041745732962918
361280,389,
361282,389,0.0041851139965154
361284,389,
361285,389,0.0042071446095348
361286,389,
361287,389,
361290,389,0.0041848490567962
361291,389,0.0041751940662456
361292,389,0.0041745391798685
361294,389,0.0042485611272287
361295,389,0.0041750232500932
361296,389,0.004174726510295
361298,389,0.0086320031891742
361299,389,0.0043803316413404
361302,389,
361303,389,0.0086320003639921
361306,389,
361308,389,
361312,389,0.0041750324556663
361313,389,0.0041745389315371
361314,389,0.0041745371111506
361408,390,0.004195717948167
361431,390,0.004174616383556
361432,390,0.0041802596697953
361433,390,
361436,390,0.9572660328930248
361437,390,0.0041748326833805
361442,390,0.0041745659886406
361445,390,
361446,390,
361450,390,
361456,390,0.0041745520273193
361459,390,0.0041757166473168
361460,390,
361463,390,0.0041745496126784
361545,390,0.0041746268375604
361547,390,0.0041751526092725
361550,390,0.0041745371141085
361551,390,0.0041745658178904
361552,390,0.0041745595240812
361556,390,
361559,390,
361565,390,0.0042487917980393
361566,390,0.0043679941616111
361569,390,0.0041745538757409
361570,390,0.0041760665030115
361574,390,0.0041745371081929
361575,390,0.0041746421995476
361576,390,
361577,390,0.0042485576089253
361580,390,0.0041760771561876
361581,390,0.004248592110068
361589,390,
361592,390,0.0041745417253549
361594,390,0.042133270823704
361617,390,0.1306550965273749
361685,390,
361689,390,
361690,390,0.0041756323756265
361692,390,0.0041745453863663
361698,390,0.0041745784412928
361705,390,0.0041748530144839
361706,390,
361707,390,0.004174609692129
361709,390,0.0041748752321101
361710,390,
361711,390,0.0042755036503666
361715,390,
361718,390,0.0041757570739379
361720,390,0.004175068110846
361721,390,0.0042505294518125
361778,390,0.0126871678371346
361822,390,0.0041754455346113
361826,390,0.0041745420592633
361827,390,0.0086558072025452
361828,390,
361835,390,0.0042485944461539
361836,390,0.0042485603833214
361837,390,0.0041745371022782
361839,390,
361843,390,0.0041764434990714
361845,390,
361847,390,0.0041746381223953
361848,390,
361849,390,
361851,390,0.0041748580284958
361854,390,
361855,390,
361856,390,0.0041778214152232
361857,390,0.0041750540525919
361859,390,0.0054143933823098
361860,390,0.0086320295991306
361861,390,0.0041865206745713
361863,390,0.0042492236801451
361864,390,0.0042073283915779
361865,390,0.004174540293064
361866,390,0.0041767014505431
361867,390,0.0086319694367053
361976,391,
361986,391,0.0042694753877994
361989,391,0.0041745394124399
361996,391,0.0041754169633845
361998,391,0.004174547246479
361999,391,0.004186817721945
362002,391,0.0042796523076987
362003,391,0.00418329716475
362005,391,0.0041757363994375
362015,391,0.004177470322959
362074,391,0.038574457282494
362101,391,0.0042736250532286
362125,391,0.0041745502411288
362127,391,0.0041764341264573
362131,391,0.004629734427063
362132,391,0.0041745606025422
362136,391,0.0041747136620646
362142,391,0.0041745413872311
362144,391,0.0051784197359575
362147,391,0.0041761575493507
362149,391,0.0041746594291931
362151,391,0.730433836770912
362152,391,0.0042485544798182
362153,391,0.0041767283713741
362154,391,0.0054143919950036
362155,391,0.0041746670949542
362171,391,0.0041749155664396
362174,391,
362175,391,0.0042302582230453
362176,391,0.0042988858027888
362203,391,0.0042413750232044
362207,391,0.042120973462301
362208,391,0.004174567033722
362214,391,
362219,391,0.0042954638409486
362220,391,0.0041745394374892
362223,391,0.0042134828222849
362225,391,0.0042687139703488
362226,391,
362227,391,
362230,391,0.0041745672753964
362233,391,0.0042485581224461
362241,391,0.0041761632310804
362242,391,
362243,391,0.0041746647081102
362245,391,
362246,391,0.0041745733641594
362247,391,0.0430358806031455
362273,391,0.0041745443280123
362284,391,
362285,391,0.0041765772409875
362287,391,0.0041746002373995
362296,391,0.0041762460961779
362298,391,0.0043348592940682
362301,391,0.0041745451638665
362449,391,0.0041745377207919
362450,391,0.0086415640947531
362451,391,0.0043771878838194
362458,391,0.0041804939780094
362461,391,0.0086320147037902
362463,391,
362468,391,0.7303844430637847
362469,391,
362470,391,0.0041750555473322
362472,391,0.0042486296833253
362473,391,
362477,391,
362478,391,0.0041787722677213
362479,391,0.0041777702624591
362480,391,0.0041752494326673
362481,391,0.0054143942468568
362483,391,0.004193475078416
362486,391,0.0041826785312948
362488,391,0.0086320125436822
362490,391,0.0041746858790201
362586,391,0.0041942433582075
362701,392,0.0041745533793977
362715,392,0.0041772712875943
362717,392,0.0041745378818567
362723,392,0.0041750968708095
362724,392,
362725,392,0.0044042172025351
362727,392,0.0041745486881316
362733,392,0.0041913873983359
362734,392,0.0041745548685178
362735,392,0.0041763611294098
362736,392,0.0041794749534405
362800,392,0.1005273028284402
362823,392,
362824,392,
362848,392,0.0041746385114739
362850,392,0.0041750077382846
362851,392,0.0041782009012962
362853,392,0.0042418214995652
362855,392,0.0041747663651265
362858,392,0.0041746270350164
362859,392,0.0042204417525842
362860,392,0.0041745374080718
362864,392,0.0041746286708531
362866,392,0.0042580298227531
362869,392,0.0041760496529163
362871,392,
362872,392,0.0042486149780832
362890,392,0.0042374981968835
362891,392,0.0041816918268314
362895,392,
362914,392,0.0041746604957905
362916,392,
362918,392,0.0041745711538725
362925,392,
362926,392,0.004174539112986
362928,392,
362929,392,0.0041969295026083
362930,392,0.0041745450230666
362934,392,0.0041745692132209
362941,392,0.0041745494266737
362947,392,
362952,392,
362953,392,0.0042151070977068
362955,392,0.0043926886394016
363020,392,0.004178439836739
363023,392,
363032,392,
363033,392,0.0174245543992949
363034,392,0.0042485630122897
363036,392,
363038,392,0.0041775664933497
363039,392,0.330293131359519
363040,392,0.0041746125643682
363102,392,0.0041776701231886
363121,392,0.0420565438182188
363123,392,
363124,392,0.0041746327449362
363128,392,0.0041746112645882
363129,392,0.0041752854286585
363130,392,0.0041831497826471
363131,392,0.0041745386662093
363136,392,0.0054144319095399
363137,392,0.004174985614031
363138,392,
363143,392,0.3532080365511443
363145,392,0.00417463135595
363146,392,0.0041745660190801
363147,392,
363149,392,0.0041754198724112
363152,392,
363153,392,0.00417585947846
363154,392,
363155,392,0.004174748134227
363157,392,0.0041745377087759
363158,392,0.0042066372895583
363160,392,0.008632005440977
363161,392,
363167,392,0.0041909606556157
363168,392,0.004229621505742
363261,379,0.0087412803663187
363276,379,0.004179587993084
363282,379,0.0041884707858869
363284,379,0.0086472934790456
363288,379,0.0054144811069313
363289,379,
363304,379,
363307,379,0.0420584347671814
363315,379,
363317,379,0.0041746959116652
363319,379,0.0041745386569841
363320,379,0.0042502585590768
363322,379,0.0042485556015936
363328,379,0.0041866908762625
363336,379,
363337,379,0.0094700956825538
363338,379,0.0041753438324784
363339,379,0.0041745807269701
363341,379,0.004174602414707
363345,379,0.0042127423692424
363346,379,0.0041832348402451
363439,379,0.0041745606069543
363441,379,0.0041745386585215
363442,379,0.0041745665309624
363446,379,0.0176275761055564
363453,379,0.0042494955265715
363455,379,0.0041745508815674
363459,379,0.0041745627172184
363465,379,0.0042485561514958
363467,379,0.0047068466637435
363472,379,
363476,379,
363477,379,0.004174615374164
363478,379,0.0053513565859423
363479,379,0.0041745586919475
363480,379,
363569,379,0.0073126035123237
363571,379,0.0041745985942564
363580,379,
363583,379,0.0041745833305735
363584,379,0.0041830986668858
363588,379,0.0041756922826344
363590,379,0.0041755424110453
363682,379,0.0042571181885359
363684,379,0.0054145803085182
363695,379,0.0041746150244351
363696,379,0.0086579348648264
363697,379,0.0054144305570729
363712,379,0.92979637288678
363730,379,0.0041777204271171
363738,379,0.0041745381922626
363740,379,0.0054157831607748
363746,379,0.0042485637203361
363751,379,0.0054145501706081
363752,379,0.0041746999488029
363753,379,0.008632469246865
363754,379,0.0086319643665543
363755,379,
363756,379,0.0041745564993542
363757,379,0.0042857579709406
363759,379,0.0086342368085027
363763,379,0.0056412902099544
363764,379,0.0041766927289365
363767,379,0.0041745406779613
363770,379,0.0067995082552516
363771,379,0.0042385982260822
363773,379,0.0041776230793536
363774,379,0.0041834561888514
363776,379,0.0041748156457886
363780,379,0.0042487599339996
363788,379,0.0042021396160662
363862,383,0.0041877525101052
363863,383,0.0041780652980238
363866,383,0.0041745465955547
363868,383,0.0043891419519631
363886,383,0.004174661983595
363895,383,0.0041745979494928
363896,383,0.0042595580770899
363898,383,
363900,383,0.0041901739231295
363902,383,0.0041831690886276
363905,383,0.0041800229561371
363906,383,0.0041745371022782
363909,383,
363914,383,0.0041745380587216
363916,383,
363918,383,0.0041765007568169
363923,383,
364006,383,0.0044847158380062
364008,383,
364011,383,0.0041756555325706
364012,383,0.0041745532688988
364015,383,0.0041747618978649
364020,383,0.0041747984370828
364022,383,0.004174562538854
364023,383,
364030,383,
364031,383,0.0086324604752693
364032,383,0.004174559219725
364033,383,0.0086321751755326
364035,383,0.0041749756175527
364036,383,0.0041871204301887
364038,383,
364041,383,0.0041748951263933
364044,383,0.0043141773486602
364045,383,0.0041745868002113
364047,383,0.0041746444383008
364048,383,
364109,383,0.0199560209750985
364135,383,0.0041745856198076
364148,383,0.0042331956683718
364150,383,0.0041746879820349
364163,383,0.0041745402755016
364165,383,0.0041754904354487
364167,383,
364169,383,0.0424475390339226
364172,383,0.004185590149497
364176,383,0.0041765855896596
364179,383,0.0041745508835059
364182,383,0.0041745651054496
364184,383,0.0041746030086374
364186,383,0.2471134231663252
364189,383,
364190,383,0.0042485550772522
364191,383,
364193,383,0.0042001627086761
364194,383,0.0042489443213192
364195,383,
364196,383,
364200,383,
364201,383,
364203,383,0.0222459764342559
364223,383,0.043733149925487
364251,383,0.0041884185656783
364252,383,0.0041756622644188
364253,383,
364261,383,0.0046143130458025
364278,383,
364286,383,
364289,383,
364293,383,0.0041762994042989
364295,383,0.0041746732872792
364299,383,
364302,383,
364303,383,0.0041745471058588
364304,383,0.0042485650002586
364305,383,
364307,383,0.0042066735804362
364309,383,0.0041790769325218
364311,383,0.0171585227195155
364312,383,0.0041746631777716
364314,383,0.0044703805052152
364315,383,0.004211083745389
364316,383,0.0041746422899192
364318,383,0.0042485628969406
364319,383,0.0041745619252209
364320,383,0.0086319641813138
364321,383,0.0041952978953174
364323,383,
364332,383,0.0086323762235645
364333,383,0.0042390265437025
364447,393,0.0041762666468546
364452,393,0.004176811871609
364454,393,0.0041746041337438
364455,393,0.0042485678582921
364458,393,0.0041746206510493
364460,393,0.04259774828936
364462,393,0.0041748231103515
364464,393,0.0041747468907248
364467,393,0.0042485560121701
364468,393,0.004174547492001
364470,393,0.0041745721588514
364472,393,0.0041745437516968
364475,393,
364478,393,0.9593910125255088
364479,393,0.0041800333199584
364480,393,0.0042652235894578
364484,393,
364485,393,0.0042487080038971
364488,393,0.0042485552778872
364493,393,0.0042485978487806
364495,393,0.0041745411230278
364496,393,0.4027824183885022
364592,393,0.0042491054930184
364597,393,
364599,393,0.0041747546412205
364601,393,
364603,393,0.0041746138632132
364610,393,
364612,393,0.0054148721470933
364624,393,
364626,393,0.0054143859257893
364628,393,0.0086319587466521
364631,393,0.9924039706125768
364633,393,0.0086485490500412
364639,393,0.0041745377734048
364640,393,0.0041834634177948
364643,393,0.004174572754848
364666,393,
364667,393,0.0041746109809505
364669,393,0.004192737020296
364670,393,0.0041753865082575
364672,393,
364673,393,0.0041951889258074
364675,393,
364678,393,0.0041746582825667
364686,393,0.0041745753324918
364687,393,0.0041762946592533
364689,393,0.0041747929603052
364692,393,0.0041745452238169
364693,393,0.0042486920879514
364694,393,0.0041746526429292
364695,393,0.004194998668853
364698,393,0.0041853989924335
364699,393,0.0042485670775294
364702,393,
364703,393,0.0185096306401906
364705,393,0.0086319741471753
364706,393,
364709,393,0.0042503710492258
364715,393,0.0041745394374892
364717,393,
364718,393,0.0041852537058504
364721,393,0.0041746552542995
364722,393,0.0054698150543705
364724,393,0.0041751566404534
364728,393,0.0041777557674759
364729,393,
364734,393,0.0043066200437167
364735,393,
364739,393,0.0041745393795847
364743,393,0.0041745703414985
364748,393,0.0041749658005591
364751,393,0.0041745382181112
364753,393,0.00417465798265
364767,393,0.0041746563249371
364770,393,
364775,393,0.0041745589229729
364776,393,0.0041745781605283
364778,393,0.0043034090024932
364779,393,0.0041746529645456
364780,393,0.0042216688095147
364788,393,0.0043806741917215
364898,393,0.0041879766825382
364926,393,0.0086401468320733
364961,393,0.0041746016960821
364963,393,0.0042485581454029
364964,393,0.0041746887492095
364976,393,0.0086325064114116
364977,393,0.004174564748921
364978,393,
364983,393,0.0041746145292324
364986,393,0.0086319587466521
364993,393,0.0041781677722612
364994,393,0.004174981081897
364995,393,0.0041745506938013
364996,393,
364999,393,0.0042084838687161
365001,393,0.0054144541721511
365004,393,0.0043326715654834
365008,393,0.0138349930815957
365009,393,0.0041745447985461
365073,393,0.1387497043299823
