alert_key,date,cust_id,risk_rank,occupation_code,total_asset,AGE,tw,n_tw,ntd,n_ntd,amt
352693,365,6b5ae2c6990dfa9281ea5b8f437ed6bc868cc5cac182fb33c467e615dffe6926,1.0,12.0,1705196.0,3.0,1.0,0.0,1.0,0.0,51342.0
352715,365,f639713136b62556a72db5f4732cedc8340da74ba3df8ea30cdead73d816da6e,1.0,18.0,163630.0,2.0,2.0,0.0,2.0,0.0,2228.0
352298,365,fe0b3b09a3b8c5435d55a286ecd4fb416e96d3231abdf27c975bf8606a0b559c,3.0,12.0,2422.0,4.0,2.0,0.0,2.0,0.0,327.0
352343,365,51d9f1c083dfbba0c459d86f1aa8a2ae6c83f42e9b2a7a44955999a373160b23,1.0,12.0,106656.0,3.0,1.0,0.0,1.0,0.0,30.0
352886,365,5deb26d41f21535fe62ba7b458c8a1c19aa2c449c19b58e57f517d00eb27087e,1.0,12.0,904.0,2.0,2.0,1.0,3.0,0.0,102972.0
352872,365,0cda333980decc8bad60985c8420e3e36577163306c3c78c12b624284766bc50,1.0,4.0,2632963.0,4.0,1.0,0.0,1.0,0.0,949.0
352654,365,8ad6c338a1078ea5139423c7243914c0201f4afa21def82600d46594bff8e852,1.0,18.0,171726.0,6.0,7.0,0.0,7.0,0.0,50444.0
352493,365,3182ab9ecb0e19b96a0a68723490c01cc46dbc1e8d8a31801c9a010b436eee89,1.0,12.0,324044.0,3.0,50.0,0.0,50.0,0.0,84893.0
352332,365,8cc21d9d4e328562fb96d10b2d698714c95a48662b379d8aad7ba5290d71a5a0,1.0,12.0,296610.0,3.0,4.0,0.0,4.0,0.0,87965.0
352507,365,9902a46bcfe42b58e06b209a02d1131e47966a60187f787892eaf38116f70c8b,1.0,18.0,161909.0,3.0,1.0,0.0,1.0,0.0,1612.0
352501,365,7844d12452c6319c9a1d6cee9d4c173d4a2b151a5c632c15b73196b84be493c9,1.0,3.0,96316.0,3.0,2.0,0.0,2.0,0.0,10139.0
352660,365,da500130fbe4a29397af9a08e1dfdc2b646309a669d1b2796b2f28e5931b38d9,1.0,17.0,158772.0,5.0,1.0,0.0,1.0,0.0,405.0
352291,365,83440058abcf5206ec03fd81ee3c0c943a33d1ab455a4631d1c52c80b2b3ad1d,1.0,17.0,182242.0,5.0,2.0,0.0,2.0,0.0,6592.0
357288,370,c32c123ce18c615db65347055b82fe319bd342da9507044c09e886e9482f9729,1.0,12.0,455159.0,5.0,2.0,0.0,2.0,0.0,4981.0
357656,370,10a082d613a789acd3abc2648c84585e92e93d7fa20591c50a33899a9c03fe61,3.0,15.0,226357.0,5.0,1.0,0.0,1.0,0.0,1060.0
357841,370,01c705b457297805c1c08137cb3adb164b8f393c265db2c3aff0a5484a703302,3.0,19.0,390912.0,4.0,0.0,2.0,2.0,0.0,142.0
357905,370,5deb26d41f21535fe62ba7b458c8a1c19aa2c449c19b58e57f517d00eb27087e,1.0,12.0,904.0,2.0,3.0,0.0,3.0,0.0,170416.0
357259,370,26f9c42152c84070db0e24dded8fba3d72cf5369e3d841a3c6abd5dea2871f44,1.0,15.0,279243.0,5.0,1.0,0.0,1.0,0.0,1310.0
357705,370,e9f1eb29fee8332320ab602ec60bd9f807e6b1a86f3a5cd40d87a9acd4cf8be4,1.0,16.0,39739.0,3.0,1.0,0.0,1.0,0.0,113.0
357304,370,5a8119fd3c9443d288c197886597ffdb9cd2e7359081db092e3e0ee14af21560,1.0,17.0,925636.0,2.0,3.0,0.0,3.0,0.0,357.0
357275,370,fe0b3b09a3b8c5435d55a286ecd4fb416e96d3231abdf27c975bf8606a0b559c,3.0,12.0,2422.0,4.0,1.0,0.0,1.0,0.0,200.0
357706,370,7f69fa9eab8f397d367e2bb61ee1fa008999a0aab91e061e8f4bfe25fb35807d,3.0,12.0,2285386.0,3.0,1.0,0.0,1.0,0.0,282265.0
357221,370,2beeaa0f25506a7770a6cf4a1a1cba58475d15b2a6cc11b10c4be24a177bcdb1,1.0,17.0,90453.0,2.0,1.0,0.0,1.0,0.0,4217.0
357324,370,8cc21d9d4e328562fb96d10b2d698714c95a48662b379d8aad7ba5290d71a5a0,1.0,12.0,296610.0,3.0,5.0,0.0,5.0,0.0,4331.0
357513,370,67f5cb11e82fbee902dbb29f52e5b40e87acc4f9d28916b6a89603c050ecedbe,3.0,12.0,145855.0,3.0,1.0,1.0,2.0,0.0,533.0
357709,370,7844d12452c6319c9a1d6cee9d4c173d4a2b151a5c632c15b73196b84be493c9,1.0,3.0,96316.0,3.0,1.0,0.0,1.0,0.0,1084.0
357885,370,75209ea8acb3016637a902b530fd2ce4c12981f4edeaa637c2a372cbc44833e6,1.0,18.0,935117.0,3.0,1.0,1.0,2.0,0.0,1659.0
357442,370,b01aea4682b7939196d577f79f9190028ff2aaa7157db99a5a6ddafe9da1e512,3.0,12.0,67019.0,5.0,1.0,0.0,1.0,0.0,138.0
357693,370,605be1af0245f872d8adc5b5e23cafb27a4de11247dd07d90ea0b79f1da191de,1.0,18.0,58111.0,3.0,1.0,0.0,1.0,0.0,3752.0
357223,370,4ee62fe681eadacf42a02da457668f042b2f4560a8ce2de5bddf2ad939222480,1.0,18.0,12914.0,2.0,2.0,0.0,2.0,0.0,398.0
357869,370,f5aa2addd3d721f4b16b8b85eaafd4c18b572f16b8e30dca55ef3a682b896875,1.0,4.0,967075.0,4.0,0.0,1.0,1.0,0.0,1354.0
357471,370,d0afa52e9e57910af5bff82151343fd65bf522ed1a164118ac4785fc3b492137,1.0,9.0,2819510.0,5.0,1.0,0.0,1.0,0.0,4393.0
357484,370,b1376e9558831e2bdd7456be697ffe67e7186a15c6c280db023cd790f1b975e9,3.0,18.0,811935.0,4.0,2.0,0.0,2.0,0.0,6288.0
357526,370,c49b33d1fde790ec03584672903f296e486615adfdc98913197eb7af4c76638c,1.0,19.0,3218731.0,3.0,7.0,0.0,7.0,0.0,3138.0
357295,370,97970feb892a999d2d651cd0b82ee114e587a4a99e03c029f5b946a0fe572086,1.0,17.0,16006.0,4.0,1.0,0.0,1.0,0.0,193.0
357850,370,ad4d0b59572d0db14cb2f1defa6df9451be0e0c467d26878f67dac90958fd183,3.0,17.0,1241401.0,5.0,1.0,0.0,1.0,0.0,588.0
357445,370,8ad6c338a1078ea5139423c7243914c0201f4afa21def82600d46594bff8e852,1.0,18.0,171726.0,6.0,4.0,0.0,4.0,0.0,36027.0
357327,370,0b6ce95db43858a032b0fad8a0aa20b01f2d02197c090846f677a37b50b5c752,2.0,19.0,94726.0,3.0,3.0,0.0,3.0,0.0,3201.0
357285,370,8c7a8bb21706ac20aa054090d606112d6c7b9d0320026b4cdcd9415adb906c41,1.0,9.0,16492.0,3.0,1.0,0.0,1.0,0.0,181.0
353413,371,7844d12452c6319c9a1d6cee9d4c173d4a2b151a5c632c15b73196b84be493c9,1.0,3.0,96316.0,3.0,2.0,0.0,2.0,0.0,944.0
353033,371,094c70ecdc5d71000fe12e4ef9eb341ba07f7c18233a96aa661cd0995f4956d0,1.0,18.0,236358.0,5.0,1.0,0.0,1.0,0.0,1305.0
353231,371,24110a2ec5a36adb9dbb6540faf32719b82f3b181cc37ceab0041e2a35a2cc87,1.0,17.0,565453.0,4.0,0.0,11.0,0.0,11.0,32406.0
353209,371,04ac4e9d22843711c4c1276de3b55c377016e2158f280f1281ca3b17b018e994,3.0,14.0,1441976.0,4.0,1.0,0.0,1.0,0.0,621.0
353054,371,2886a332d3530dcbfebeb0292251d04c1e0c20e767051dbfafd1e09fd7b864f4,1.0,9.0,5845.0,4.0,0.0,6.0,6.0,0.0,3089.0
353198,371,e402892bfde9722d2c77f682c8598de27a0ab264c6176beee6a294c84768b1f6,1.0,12.0,1189285.0,5.0,0.0,11.0,0.0,11.0,124933.0
353587,371,06c5ea5ccda4dfd8839c0dec8646fb3071d2c02883ef8a9f715aaa74f38d2419,1.0,17.0,259985.0,4.0,1.0,2.0,2.0,1.0,4579.0
353041,371,fe0b3b09a3b8c5435d55a286ecd4fb416e96d3231abdf27c975bf8606a0b559c,3.0,12.0,2422.0,4.0,3.0,0.0,3.0,0.0,6678.0
353383,371,79caee7bb4182d7ff1667ca33fa160e0d3592f1ab8076bb07a20e8f379134205,1.0,19.0,359609.0,5.0,1.0,0.0,1.0,0.0,15203.0
353386,371,527dd6eac484d5eea04a17a444f6cb8d854ec603ea5bbc94db16752a58d1e357,1.0,17.0,516.0,2.0,0.0,2.0,2.0,0.0,1477.0
353579,371,a5e7328d1b4a8703d432503cd84b163de16f67324a72d1f723313f7278e64f18,1.0,17.0,403354.0,4.0,0.0,3.0,0.0,3.0,87919.0
353248,371,df11307f6e8372f1ab198c8de7d1dadddc4fa244565bfdcce428e49437e8c1da,1.0,11.0,1818058.0,2.0,0.0,1.0,0.0,1.0,90212.0
353561,371,7d8be00ad18f1fa336fca153f0f06e86625336863fa71114f57e473fd87b59b0,1.0,9.0,373218.0,4.0,3.0,0.0,3.0,0.0,5095.0
353236,371,701cc14702a42f197624ef26a56711acd08e6c8e885d969e02d911f762986737,1.0,18.0,15620.0,2.0,0.0,2.0,0.0,2.0,18647.0
353045,371,9ac7efb5259817f80f9731ef7b625e9e9640e8a539377e4312b605c45742d888,3.0,15.0,190972.0,4.0,5.0,0.0,5.0,0.0,696.0
353586,371,b600c0720096c241f5aec16b096c6a353492eee8a5855aa7f79d81390811d914,1.0,17.0,12207.0,2.0,2.0,4.0,6.0,0.0,6533.0
353077,371,8cc21d9d4e328562fb96d10b2d698714c95a48662b379d8aad7ba5290d71a5a0,1.0,12.0,296610.0,3.0,3.0,0.0,3.0,0.0,114983.0
354047,372,2fd79d7d8847884d1b4ad649c1bea7b9639bb2ad850cca5752d0de383c3244e4,1.0,1.0,450.0,2.0,11.0,0.0,11.0,0.0,29275.0
354401,372,8ad6c338a1078ea5139423c7243914c0201f4afa21def82600d46594bff8e852,1.0,18.0,171726.0,6.0,49.0,0.0,49.0,0.0,335318.0
354007,372,e8b633d446fb7765581d64205efd8dfa059215aa4b1d742543b378f1f2c73fee,1.0,19.0,247918.0,5.0,2.0,0.0,2.0,0.0,346348.0
354239,372,2886a332d3530dcbfebeb0292251d04c1e0c20e767051dbfafd1e09fd7b864f4,1.0,9.0,5845.0,4.0,0.0,11.0,11.0,0.0,9169.0
353855,372,22f043b4f96fe1b44b628491d2707242b02d9dd48006612bdd2823764b9911f4,3.0,12.0,918230.0,2.0,1.0,0.0,1.0,0.0,1014.0
354256,372,8cc21d9d4e328562fb96d10b2d698714c95a48662b379d8aad7ba5290d71a5a0,1.0,12.0,296610.0,3.0,3.0,0.0,3.0,0.0,45658.0
354234,372,a88ae349a9fa089cee8033130927c17c135a16cf7561dd0eaf93d8b53d08e7c7,1.0,11.0,1672432.0,5.0,1.0,0.0,1.0,0.0,408.0
353865,372,c1122b414958c98c43f3879e543dae4b4cd0374cdf8f2e1fa6ebcdc247cbcfe0,1.0,18.0,341725.0,3.0,3.0,1.0,4.0,0.0,9380.0
354415,372,cb9175b3e1c31f7c0b5da1d61630ebf4d9aeec0f68db1720408d6eba39d9c8b3,1.0,3.0,0.0,6.0,1.0,0.0,1.0,0.0,324.0
354014,372,e5f207e25a86e3121f14fb76729350aa06f5a4ec434077520769cceb1ee7d68d,1.0,17.0,1310883.0,6.0,1.0,0.0,1.0,0.0,130.0
354471,372,1ebdfc5f5eaba0fa063cc45a1e657197e6311af2462a4ae468c963800c0a7d4c,3.0,12.0,503423.0,3.0,2.0,0.0,2.0,0.0,1067.0
354223,372,fe0b3b09a3b8c5435d55a286ecd4fb416e96d3231abdf27c975bf8606a0b559c,3.0,12.0,2422.0,4.0,3.0,0.0,3.0,0.0,7011.0
354261,372,51d9f1c083dfbba0c459d86f1aa8a2ae6c83f42e9b2a7a44955999a373160b23,3.0,12.0,106656.0,3.0,1.0,0.0,1.0,0.0,30.0
354449,372,823fc5ce48cd827628ce0d1c574e6c3582cb772cf6173a9384df22d56bb72f0c,1.0,17.0,114439.0,2.0,1.0,1.0,2.0,0.0,901.0
354459,372,9e0260837cd7b7ce8212a55078d908ff7f6c770dac6a61098af6b5aefb21ea6d,1.0,19.0,386.0,2.0,1.0,0.0,1.0,0.0,1439.0
354048,372,e9f1eb29fee8332320ab602ec60bd9f807e6b1a86f3a5cd40d87a9acd4cf8be4,1.0,16.0,39739.0,3.0,2.0,0.0,2.0,0.0,1290.0
353870,372,24110a2ec5a36adb9dbb6540faf32719b82f3b181cc37ceab0041e2a35a2cc87,1.0,17.0,565453.0,4.0,0.0,14.0,0.0,14.0,28175.0
354040,372,b434f69a71b6e4ccb7e43f2a16f33d6229f8a1fa31c8793a638c76b4972af53a,1.0,17.0,168008.0,3.0,2.0,0.0,2.0,0.0,413.0
354246,372,0b772c5cc6cc2b02a79bba795df8edcfac07b81030ac26ee1998738b97221c4e,3.0,17.0,394766.0,3.0,2.0,0.0,2.0,0.0,3050.0
354443,372,c6def618ad861703c025be4f41bdf7569310228ae93aeffc73088c520c79558d,1.0,2.0,444392.0,3.0,2.0,0.0,2.0,0.0,10.0
353888,372,5deb26d41f21535fe62ba7b458c8a1c19aa2c449c19b58e57f517d00eb27087e,1.0,12.0,904.0,2.0,1.0,0.0,1.0,0.0,285966.0
353879,372,701cc14702a42f197624ef26a56711acd08e6c8e885d969e02d911f762986737,1.0,18.0,15620.0,2.0,0.0,3.0,0.0,3.0,9036.0
354054,372,7844d12452c6319c9a1d6cee9d4c173d4a2b151a5c632c15b73196b84be493c9,1.0,3.0,96316.0,3.0,2.0,0.0,2.0,0.0,1239.0
353843,372,04ac4e9d22843711c4c1276de3b55c377016e2158f280f1281ca3b17b018e994,3.0,14.0,1441976.0,4.0,5.0,0.0,5.0,0.0,2126.0
355193,375,c6def618ad861703c025be4f41bdf7569310228ae93aeffc73088c520c79558d,1.0,2.0,444392.0,3.0,2.0,0.0,2.0,0.0,61.0
354831,375,24110a2ec5a36adb9dbb6540faf32719b82f3b181cc37ceab0041e2a35a2cc87,1.0,17.0,565453.0,4.0,0.0,16.0,0.0,16.0,44588.0
354853,375,5deb26d41f21535fe62ba7b458c8a1c19aa2c449c19b58e57f517d00eb27087e,1.0,12.0,904.0,2.0,2.0,0.0,2.0,0.0,117185.0
354633,375,2886a332d3530dcbfebeb0292251d04c1e0c20e767051dbfafd1e09fd7b864f4,1.0,9.0,5845.0,4.0,0.0,11.0,11.0,0.0,10411.0
354596,375,094c70ecdc5d71000fe12e4ef9eb341ba07f7c18233a96aa661cd0995f4956d0,1.0,18.0,236358.0,5.0,3.0,0.0,3.0,0.0,128744.0
355202,375,b600c0720096c241f5aec16b096c6a353492eee8a5855aa7f79d81390811d914,1.0,17.0,12207.0,2.0,7.0,0.0,7.0,0.0,39891.0
354939,375,780a1c6ddd725f1fde827457b227ee70032abfe4c96ed73c63c460704073e877,3.0,3.0,80111.0,4.0,1.0,0.0,1.0,0.0,69.0
354959,375,b434f69a71b6e4ccb7e43f2a16f33d6229f8a1fa31c8793a638c76b4972af53a,1.0,17.0,168008.0,3.0,1.0,2.0,3.0,0.0,117.0
354795,375,cece622381d76715c8bc9f4a7d60ee143c0df366d73e8873a17885dbd564df87,1.0,11.0,883849.0,5.0,0.0,4.0,0.0,4.0,28806.0
354817,375,49f56a6a93f90f0b6a9e00da44ffcc3cc35aac756edaa256141f59a1f6358bf5,1.0,13.0,2689.0,2.0,1.0,0.0,1.0,0.0,198.0
354663,375,b5c5c235e898032b0dd184993f250ea6bd743c521dc2a5469038b8060b83a2ab,1.0,5.0,715.0,3.0,12.0,2.0,14.0,0.0,78242.0
354778,375,01c705b457297805c1c08137cb3adb164b8f393c265db2c3aff0a5484a703302,3.0,19.0,390912.0,4.0,0.0,1.0,1.0,0.0,235.0
354813,375,22f043b4f96fe1b44b628491d2707242b02d9dd48006612bdd2823764b9911f4,3.0,12.0,918230.0,2.0,1.0,0.0,1.0,0.0,100.0
355150,375,8ad6c338a1078ea5139423c7243914c0201f4afa21def82600d46594bff8e852,1.0,18.0,171726.0,6.0,23.0,0.0,23.0,0.0,171599.0
354973,375,7844d12452c6319c9a1d6cee9d4c173d4a2b151a5c632c15b73196b84be493c9,1.0,3.0,96316.0,3.0,4.0,0.0,4.0,0.0,38279.0
354622,375,35efdb7f15d0e61d8eabda0871c91edd5602b7620852e286646589bf05fe08de,1.0,12.0,552065.0,3.0,1.0,0.0,1.0,0.0,1030.0
354950,375,2d7a4c7af8d5b89c00cab8da759c9ee89e1f3c0c861a3d5199f5029b988c5509,1.0,19.0,908527.0,3.0,1.0,0.0,1.0,0.0,83.0
354658,375,8cc21d9d4e328562fb96d10b2d698714c95a48662b379d8aad7ba5290d71a5a0,1.0,12.0,296610.0,3.0,5.0,0.0,5.0,0.0,138744.0
355182,375,ff538fed253fce00e25a7c1557ee7728a5d8dc9c1bbfc1c2896a226dab63c505,1.0,18.0,824.0,3.0,1.0,0.0,1.0,0.0,1425.0
354609,375,268a8ad21bed34914550636a7894a6d63bf5e26777d4d418b58cee00b597885e,2.0,19.0,0.0,5.0,0.0,1.0,1.0,0.0,6321.0
355204,375,06c5ea5ccda4dfd8839c0dec8646fb3071d2c02883ef8a9f715aaa74f38d2419,1.0,17.0,259985.0,4.0,1.0,0.0,1.0,0.0,124.0
355123,375,06c881046448226f804df9100ba0e9fc8212373e302d77c4f68b893cda092913,3.0,18.0,1741477.0,6.0,1.0,0.0,1.0,0.0,2035.0
354612,375,fe0b3b09a3b8c5435d55a286ecd4fb416e96d3231abdf27c975bf8606a0b559c,3.0,12.0,2422.0,4.0,3.0,0.0,3.0,0.0,896.0
354625,375,270d4e5a6bc68ead954394fc9394fa36f01a5bb258ac9fa9a581ce8957b310ae,3.0,19.0,536992.0,5.0,1.0,0.0,1.0,0.0,136.0
354669,375,863ec3df49a091454fa48aa183f675e76b1bd2c5b07699297ba163a7574e7622,1.0,15.0,5016106.0,3.0,1.0,0.0,1.0,0.0,55.0
354801,375,209fc0d4eb19f572c1a93ab436bc14753aaa896950f4cec9c5105e0c5290635b,1.0,17.0,115027.0,3.0,1.0,0.0,1.0,0.0,2391.0
355748,376,04ac4e9d22843711c4c1276de3b55c377016e2158f280f1281ca3b17b018e994,3.0,14.0,1441976.0,4.0,1.0,0.0,1.0,0.0,188.0
355755,376,a0a33aadc2db812079e38980653e7d6606fdb38ff240fede5af640721e5609eb,1.0,12.0,119727.0,3.0,6.0,0.0,6.0,0.0,271247.0
355373,376,fe0b3b09a3b8c5435d55a286ecd4fb416e96d3231abdf27c975bf8606a0b559c,3.0,12.0,2422.0,4.0,5.0,0.0,5.0,0.0,1604.0
355770,376,c1122b414958c98c43f3879e543dae4b4cd0374cdf8f2e1fa6ebcdc247cbcfe0,1.0,18.0,341725.0,3.0,2.0,1.0,3.0,0.0,272.0
355915,376,5deb26d41f21535fe62ba7b458c8a1c19aa2c449c19b58e57f517d00eb27087e,1.0,12.0,904.0,2.0,1.0,0.0,1.0,0.0,50209.0
355716,376,01c705b457297805c1c08137cb3adb164b8f393c265db2c3aff0a5484a703302,3.0,19.0,390912.0,4.0,1.0,0.0,1.0,0.0,1223.0
355521,376,10a082d613a789acd3abc2648c84585e92e93d7fa20591c50a33899a9c03fe61,3.0,15.0,226357.0,5.0,1.0,0.0,1.0,0.0,643.0
355556,376,3182ab9ecb0e19b96a0a68723490c01cc46dbc1e8d8a31801c9a010b436eee89,1.0,12.0,324044.0,3.0,5.0,0.0,5.0,0.0,9995.0
355546,376,161b6ca5a8193e5bdaff50bcfd82993728ebb26d5d45625f1af7d271482ca4b5,2.0,17.0,223512.0,3.0,1.0,0.0,1.0,0.0,111.0
355895,376,24110a2ec5a36adb9dbb6540faf32719b82f3b181cc37ceab0041e2a35a2cc87,1.0,17.0,565453.0,4.0,0.0,8.0,0.0,8.0,23800.0
355424,376,b5c5c235e898032b0dd184993f250ea6bd743c521dc2a5469038b8060b83a2ab,1.0,5.0,715.0,3.0,8.0,1.0,9.0,0.0,34937.0
355740,376,cece622381d76715c8bc9f4a7d60ee143c0df366d73e8873a17885dbd564df87,1.0,11.0,883849.0,5.0,1.0,13.0,1.0,13.0,66407.0
355671,376,8ad6c338a1078ea5139423c7243914c0201f4afa21def82600d46594bff8e852,1.0,18.0,171726.0,6.0,6.0,0.0,6.0,0.0,33541.0
355378,376,9ac7efb5259817f80f9731ef7b625e9e9640e8a539377e4312b605c45742d888,3.0,15.0,190972.0,4.0,1.0,0.0,1.0,0.0,403.0
355812,376,b600c0720096c241f5aec16b096c6a353492eee8a5855aa7f79d81390811d914,1.0,17.0,12207.0,2.0,4.0,5.0,9.0,0.0,5794.0
355549,376,b434f69a71b6e4ccb7e43f2a16f33d6229f8a1fa31c8793a638c76b4972af53a,1.0,17.0,168008.0,3.0,1.0,0.0,1.0,0.0,256.0
355386,376,270d4e5a6bc68ead954394fc9394fa36f01a5bb258ac9fa9a581ce8957b310ae,3.0,19.0,536992.0,5.0,2.0,0.0,2.0,0.0,1130.0
355548,376,c1fd75c8241202e9fbe747d44851dd5ba082b5e368b1b3b5f62a13f96e460b27,3.0,19.0,1415448.0,3.0,2.0,0.0,2.0,0.0,1325.0
355563,376,7844d12452c6319c9a1d6cee9d4c173d4a2b151a5c632c15b73196b84be493c9,1.0,3.0,96316.0,3.0,2.0,0.0,2.0,0.0,277.0
355388,376,9ca3bcf2c1a7a6bb56c8af0ac5aa1ad84e8d7ede472b65780b02543e42121f40,1.0,9.0,902254.0,4.0,2.0,0.0,2.0,0.0,1264.0
355523,376,76e189b30d7798738fc335d50caf71f4944a65df06e4dc6c7c869af272fb127a,2.0,13.0,3372311.0,5.0,1.0,0.0,1.0,0.0,1410.0
355428,376,7629f010080267f680a4ca9c6cac71c4d4d86933dcc7ed2f3625fde2c161e9de,1.0,18.0,506366.0,3.0,1.0,0.0,1.0,0.0,1585.0
355814,376,06c5ea5ccda4dfd8839c0dec8646fb3071d2c02883ef8a9f715aaa74f38d2419,1.0,17.0,259985.0,4.0,1.0,2.0,3.0,0.0,60449.0
355375,376,4ad7b50de3ca848e5198c7399165e487418c32bf8401152043e41f2f808df63a,1.0,19.0,221112.0,5.0,1.0,0.0,1.0,0.0,544.0
355540,376,2d7a4c7af8d5b89c00cab8da759c9ee89e1f3c0c861a3d5199f5029b988c5509,1.0,19.0,908527.0,3.0,1.0,0.0,1.0,0.0,316.0
355905,376,701cc14702a42f197624ef26a56711acd08e6c8e885d969e02d911f762986737,1.0,18.0,15620.0,2.0,0.0,1.0,0.0,1.0,6326.0
355753,376,2bbc95c774d7ec1ae5b0fe6acc5053e1abf146d3fcd02004c57c59be40c70110,1.0,19.0,18975.0,3.0,1.0,0.0,1.0,0.0,1706.0
355810,376,823fc5ce48cd827628ce0d1c574e6c3582cb772cf6173a9384df22d56bb72f0c,1.0,17.0,114439.0,2.0,2.0,0.0,2.0,0.0,608.0
355392,376,2886a332d3530dcbfebeb0292251d04c1e0c20e767051dbfafd1e09fd7b864f4,1.0,9.0,5845.0,4.0,0.0,14.0,14.0,0.0,8772.0
355900,376,362459138b8a8de4b47c910c62fc84dce8c02a34505d5555711dfdfe92dffff9,3.0,11.0,1551361.0,2.0,1.0,0.0,1.0,0.0,84.0
356410,377,08d2b4ae3c03515cac79354b8f30e3287a8d427f8af2d6ece78074fa45c148d0,3.0,12.0,357.0,3.0,0.0,18.0,0.0,18.0,38142.0
356220,377,8a568d5d3a06a82d71b690a62bde4dfd440bdbc1ad462020d4173a85843d307b,1.0,3.0,2479385.0,4.0,4.0,0.0,4.0,0.0,3413.0
356221,377,04ac4e9d22843711c4c1276de3b55c377016e2158f280f1281ca3b17b018e994,3.0,14.0,1441976.0,4.0,4.0,0.0,4.0,0.0,8694.0
359851,377,3182ab9ecb0e19b96a0a68723490c01cc46dbc1e8d8a31801c9a010b436eee89,1.0,12.0,324044.0,3.0,15.0,0.0,15.0,0.0,29985.0
356050,377,9ca3bcf2c1a7a6bb56c8af0ac5aa1ad84e8d7ede472b65780b02543e42121f40,1.0,9.0,902254.0,4.0,4.0,0.0,4.0,0.0,3052.0
356070,377,b5c5c235e898032b0dd184993f250ea6bd743c521dc2a5469038b8060b83a2ab,1.0,5.0,715.0,3.0,4.0,2.0,6.0,0.0,58037.0
359647,377,9ca3bcf2c1a7a6bb56c8af0ac5aa1ad84e8d7ede472b65780b02543e42121f40,1.0,9.0,902254.0,4.0,4.0,0.0,4.0,0.0,3052.0
359767,377,8a568d5d3a06a82d71b690a62bde4dfd440bdbc1ad462020d4173a85843d307b,1.0,3.0,2479385.0,4.0,4.0,0.0,4.0,0.0,3413.0
356180,377,b434f69a71b6e4ccb7e43f2a16f33d6229f8a1fa31c8793a638c76b4972af53a,1.0,17.0,168008.0,3.0,1.0,0.0,1.0,0.0,51.0
356054,377,2886a332d3530dcbfebeb0292251d04c1e0c20e767051dbfafd1e09fd7b864f4,1.0,9.0,5845.0,4.0,0.0,11.0,11.0,0.0,12644.0
356182,377,3182ab9ecb0e19b96a0a68723490c01cc46dbc1e8d8a31801c9a010b436eee89,1.0,12.0,324044.0,3.0,15.0,0.0,15.0,0.0,29985.0
359771,377,a0a33aadc2db812079e38980653e7d6606fdb38ff240fede5af640721e5609eb,1.0,12.0,119727.0,3.0,1.0,0.0,1.0,0.0,502.0
359768,377,04ac4e9d22843711c4c1276de3b55c377016e2158f280f1281ca3b17b018e994,3.0,14.0,1441976.0,4.0,4.0,0.0,4.0,0.0,8694.0
356068,377,8cc21d9d4e328562fb96d10b2d698714c95a48662b379d8aad7ba5290d71a5a0,1.0,12.0,296610.0,3.0,2.0,0.0,2.0,0.0,123944.0
359941,377,24110a2ec5a36adb9dbb6540faf32719b82f3b181cc37ceab0041e2a35a2cc87,1.0,17.0,565453.0,4.0,0.0,1.0,0.0,1.0,1503.0
356307,377,701cc14702a42f197624ef26a56711acd08e6c8e885d969e02d911f762986737,1.0,18.0,15620.0,2.0,0.0,4.0,0.0,4.0,48785.0
359658,377,3ae3837645e625ccd7caabf708626661ba22179c8e861ce93911f84a3d796e20,1.0,12.0,2834.0,3.0,12.0,0.0,12.0,0.0,1214580.0
356418,377,112694ce0f5742d4f3831ecc99f877624ca17c65f04d2c137d475a9ee5b936ac,3.0,12.0,1940568.0,4.0,1.0,0.0,1.0,0.0,143.0
356058,377,3ae3837645e625ccd7caabf708626661ba22179c8e861ce93911f84a3d796e20,1.0,17.0,2834.0,3.0,12.0,0.0,12.0,0.0,1214580.0
360094,377,c49b33d1fde790ec03584672903f296e486615adfdc98913197eb7af4c76638c,1.0,19.0,3218731.0,3.0,6.0,6.0,12.0,0.0,11585.0
359849,377,b434f69a71b6e4ccb7e43f2a16f33d6229f8a1fa31c8793a638c76b4972af53a,1.0,17.0,168008.0,3.0,1.0,0.0,1.0,0.0,51.0
356187,377,7844d12452c6319c9a1d6cee9d4c173d4a2b151a5c632c15b73196b84be493c9,1.0,3.0,96316.0,3.0,1.0,0.0,1.0,0.0,1185.0
360049,377,b8fc9846371ad638f98ad35d4348d9d8d8e93cedbc4a786dbd0820b85fd73b4a,1.0,4.0,0.0,5.0,1.0,0.0,1.0,0.0,1003.0
360074,377,112694ce0f5742d4f3831ecc99f877624ca17c65f04d2c137d475a9ee5b936ac,3.0,12.0,1940568.0,4.0,1.0,0.0,1.0,0.0,143.0
360011,377,0c1e4ef4e62a760e1ec3030424c41539eea90dffd61d07adca7d06c56dbcdda0,1.0,19.0,0.0,3.0,1.0,2.0,3.0,0.0,3168.0
356306,377,75945c8b1b7af88340ffe4169b39341dfded2c07248d36e91b3e2a0852c7bab7,1.0,12.0,5691.0,2.0,0.0,51.0,5.0,46.0,35462.0
356183,377,c62baab3b4829e0c15b13741548b58719a8c63b4b6a25b2213a688fe407cd91b,1.0,2.0,0.0,3.0,1.0,0.0,1.0,0.0,193.0
356300,377,24110a2ec5a36adb9dbb6540faf32719b82f3b181cc37ceab0041e2a35a2cc87,1.0,17.0,565453.0,4.0,0.0,1.0,0.0,1.0,1503.0
359852,377,c62baab3b4829e0c15b13741548b58719a8c63b4b6a25b2213a688fe407cd91b,1.0,2.0,0.0,3.0,1.0,0.0,1.0,0.0,193.0
356225,377,a0a33aadc2db812079e38980653e7d6606fdb38ff240fede5af640721e5609eb,1.0,12.0,119727.0,3.0,1.0,0.0,1.0,0.0,502.0
359828,377,76e189b30d7798738fc335d50caf71f4944a65df06e4dc6c7c869af272fb127a,2.0,13.0,3372311.0,5.0,6.0,0.0,6.0,0.0,3289.0
356037,377,094c70ecdc5d71000fe12e4ef9eb341ba07f7c18233a96aa661cd0995f4956d0,1.0,18.0,236358.0,5.0,3.0,0.0,3.0,0.0,5723.0
359827,377,10a082d613a789acd3abc2648c84585e92e93d7fa20591c50a33899a9c03fe61,3.0,15.0,226357.0,5.0,1.0,0.0,1.0,0.0,860.0
359652,377,2886a332d3530dcbfebeb0292251d04c1e0c20e767051dbfafd1e09fd7b864f4,1.0,9.0,5845.0,4.0,0.0,11.0,11.0,0.0,12644.0
359857,377,7844d12452c6319c9a1d6cee9d4c173d4a2b151a5c632c15b73196b84be493c9,1.0,3.0,96316.0,3.0,1.0,0.0,1.0,0.0,1185.0
359656,377,c90197eb61812d8b41228fa0d602f9d5062b10f4c18feca4e32d28dd6e16d4b5,1.0,15.0,246664.0,3.0,2.0,0.0,2.0,0.0,1839.0
360072,377,c6def618ad861703c025be4f41bdf7569310228ae93aeffc73088c520c79558d,1.0,2.0,444392.0,3.0,1.0,0.0,1.0,0.0,308.0
356165,377,76e189b30d7798738fc335d50caf71f4944a65df06e4dc6c7c869af272fb127a,2.0,13.0,3372311.0,5.0,6.0,0.0,6.0,0.0,3289.0
356395,377,b8fc9846371ad638f98ad35d4348d9d8d8e93cedbc4a786dbd0820b85fd73b4a,1.0,4.0,0.0,5.0,1.0,0.0,1.0,0.0,1003.0
359636,377,fe0b3b09a3b8c5435d55a286ecd4fb416e96d3231abdf27c975bf8606a0b559c,3.0,12.0,2422.0,4.0,3.0,0.0,3.0,0.0,629.0
356589,378,094c70ecdc5d71000fe12e4ef9eb341ba07f7c18233a96aa661cd0995f4956d0,1.0,18.0,236358.0,5.0,2.0,0.0,2.0,0.0,1871.0
357112,378,b600c0720096c241f5aec16b096c6a353492eee8a5855aa7f79d81390811d914,1.0,17.0,12207.0,2.0,4.0,6.0,10.0,0.0,29957.0
356795,378,d24d46c19002ab1f9a02801af5e4be6a154b3c5adc04172e372c16ca446d736b,1.0,17.0,162418.0,2.0,0.0,7.0,0.0,7.0,126593.0
356773,378,c1fd75c8241202e9fbe747d44851dd5ba082b5e368b1b3b5f62a13f96e460b27,3.0,19.0,1415448.0,3.0,1.0,0.0,1.0,0.0,75.0
356962,378,701cc14702a42f197624ef26a56711acd08e6c8e885d969e02d911f762986737,1.0,18.0,15620.0,2.0,1.0,6.0,1.0,6.0,50882.0
357124,378,a526638c20f87c4f4296847a658023e36c8dec0b169102b8a763bcfe4736e6d3,1.0,18.0,14463.0,3.0,1.0,0.0,1.0,0.0,326.0
357115,378,67f5cb11e82fbee902dbb29f52e5b40e87acc4f9d28916b6a89603c050ecedbe,3.0,12.0,145855.0,3.0,5.0,2.0,6.0,1.0,2608.0
356599,378,fe0b3b09a3b8c5435d55a286ecd4fb416e96d3231abdf27c975bf8606a0b559c,3.0,12.0,2422.0,4.0,2.0,1.0,3.0,0.0,631.0
356629,378,9b46e90b9bf951b14c68702c5a3fff2fe28fbc061fc6e5e881c95ba35410e673,1.0,12.0,272814.0,2.0,5.0,0.0,5.0,0.0,329656.0
357093,378,08d2b4ae3c03515cac79354b8f30e3287a8d427f8af2d6ece78074fa45c148d0,3.0,12.0,357.0,3.0,0.0,16.0,0.0,16.0,29695.0
356951,378,c1122b414958c98c43f3879e543dae4b4cd0374cdf8f2e1fa6ebcdc247cbcfe0,1.0,18.0,341725.0,3.0,6.0,0.0,6.0,0.0,14685.0
356634,378,b5c5c235e898032b0dd184993f250ea6bd743c521dc2a5469038b8060b83a2ab,1.0,5.0,715.0,3.0,9.0,2.0,11.0,0.0,64854.0
356783,378,abac4d752a3cd829674753654db1cc92040356988ef0e80776c44421cb0f79ea,1.0,9.0,581418.0,3.0,1.0,0.0,1.0,0.0,24.0
356941,378,22f043b4f96fe1b44b628491d2707242b02d9dd48006612bdd2823764b9911f4,3.0,12.0,918230.0,2.0,1.0,0.0,1.0,0.0,117.0
357116,378,06c5ea5ccda4dfd8839c0dec8646fb3071d2c02883ef8a9f715aaa74f38d2419,1.0,17.0,259985.0,4.0,1.0,2.0,3.0,0.0,63352.0
356911,378,01c705b457297805c1c08137cb3adb164b8f393c265db2c3aff0a5484a703302,3.0,19.0,390912.0,4.0,1.0,0.0,1.0,0.0,816.0
356932,378,04ac4e9d22843711c4c1276de3b55c377016e2158f280f1281ca3b17b018e994,3.0,14.0,1441976.0,4.0,1.0,0.0,1.0,0.0,8230.0
356605,378,7483b851dd4e695fdb92636883fb92c483cff2a9a308f0ca54de2c691478690c,1.0,17.0,2167896.0,4.0,9.0,0.0,9.0,0.0,6281627.0
356632,378,8cc21d9d4e328562fb96d10b2d698714c95a48662b379d8aad7ba5290d71a5a0,1.0,12.0,296610.0,3.0,2.0,0.0,2.0,0.0,31208.0
356787,378,7844d12452c6319c9a1d6cee9d4c173d4a2b151a5c632c15b73196b84be493c9,1.0,3.0,96316.0,3.0,1.0,0.0,1.0,0.0,126.0
356774,378,b434f69a71b6e4ccb7e43f2a16f33d6229f8a1fa31c8793a638c76b4972af53a,1.0,17.0,168008.0,3.0,2.0,0.0,2.0,0.0,283.0
356756,378,9e69ce9ccd13ab3ce7ac24c4b4e8a8f4e722de73b0e70be4f850a6d78cc2b261,1.0,9.0,2218347.0,5.0,1.0,0.0,1.0,0.0,409.0
363571,379,76e189b30d7798738fc335d50caf71f4944a65df06e4dc6c7c869af272fb127a,2.0,13.0,3372311.0,5.0,2.0,0.0,2.0,0.0,1030.0
363307,379,8af18d87937633313c1040db8b01bd51bced5a9c041bff85f262aa64dee63864,1.0,19.0,221324.0,4.0,1.0,0.0,1.0,0.0,409.0
363773,379,b600c0720096c241f5aec16b096c6a353492eee8a5855aa7f79d81390811d914,1.0,17.0,12207.0,2.0,5.0,0.0,5.0,0.0,26503.0
363755,379,08d2b4ae3c03515cac79354b8f30e3287a8d427f8af2d6ece78074fa45c148d0,3.0,12.0,357.0,3.0,0.0,1.0,0.0,1.0,2943.0
363569,379,10a082d613a789acd3abc2648c84585e92e93d7fa20591c50a33899a9c03fe61,3.0,15.0,226357.0,5.0,1.0,0.0,1.0,0.0,1785.0
363453,379,22f043b4f96fe1b44b628491d2707242b02d9dd48006612bdd2823764b9911f4,3.0,12.0,918230.0,2.0,1.0,0.0,1.0,0.0,4121.0
363341,379,ff483c74ef2977bfcf04be0a79363af72d1812aac9ce1fcdf671b4433218f6ad,2.0,17.0,41066.0,3.0,1.0,0.0,1.0,0.0,2993.0
363441,379,cece622381d76715c8bc9f4a7d60ee143c0df366d73e8873a17885dbd564df87,1.0,11.0,883849.0,5.0,2.0,26.0,2.0,26.0,132758.0
363580,379,79caee7bb4182d7ff1667ca33fa160e0d3592f1ab8076bb07a20e8f379134205,1.0,19.0,359609.0,5.0,1.0,0.0,1.0,0.0,1071.0
363261,379,95a6c0fd787a7f03473b58897e0d696d4ba27c61003f9277493d438798c7191a,3.0,12.0,287141.0,3.0,0.0,1.0,1.0,0.0,6712.0
363472,379,701cc14702a42f197624ef26a56711acd08e6c8e885d969e02d911f762986737,1.0,18.0,15620.0,2.0,0.0,2.0,0.0,2.0,6112.0
363584,379,b434f69a71b6e4ccb7e43f2a16f33d6229f8a1fa31c8793a638c76b4972af53a,1.0,17.0,168008.0,3.0,2.0,0.0,2.0,0.0,440.0
363442,379,04ac4e9d22843711c4c1276de3b55c377016e2158f280f1281ca3b17b018e994,3.0,14.0,1441976.0,4.0,2.0,0.0,2.0,0.0,5020.0
363336,379,9b46e90b9bf951b14c68702c5a3fff2fe28fbc061fc6e5e881c95ba35410e673,1.0,12.0,272814.0,2.0,2.0,0.0,2.0,0.0,535.0
363339,379,8cc21d9d4e328562fb96d10b2d698714c95a48662b379d8aad7ba5290d71a5a0,1.0,12.0,296610.0,3.0,1.0,0.0,1.0,0.0,3613.0
363459,379,c1122b414958c98c43f3879e543dae4b4cd0374cdf8f2e1fa6ebcdc247cbcfe0,1.0,18.0,341725.0,3.0,4.0,0.0,4.0,0.0,51842.0
363746,379,95762212daf16ed6db11583d20dbf27f231a7e6fda9f498e24a5ae9398834430,1.0,17.0,38755.0,5.0,1.0,0.0,1.0,0.0,30.0
358459,382,c6def618ad861703c025be4f41bdf7569310228ae93aeffc73088c520c79558d,1.0,2.0,444392.0,3.0,2.0,0.0,2.0,0.0,1319.0
358242,382,d24d46c19002ab1f9a02801af5e4be6a154b3c5adc04172e372c16ca446d736b,1.0,17.0,162418.0,2.0,0.0,5.0,0.0,5.0,37311.0
358268,382,c92f6fa2e7d8cc80e829ad43a070b5dff511a49896eabf8c2e8fa2b6574f36c3,1.0,14.0,597271.0,2.0,3.0,0.0,3.0,0.0,2246.0
358273,382,701cc14702a42f197624ef26a56711acd08e6c8e885d969e02d911f762986737,1.0,18.0,15620.0,2.0,0.0,1.0,0.0,1.0,6727.0
358214,382,95cc2385ddbb3731548a3d3197585b9763b2d2a5f67147ec3c41d39c37863e35,1.0,18.0,246972.0,4.0,1.0,0.0,1.0,0.0,181.0
358254,382,a204c880f740f432164f143d95f8c4b569961683b67ea49154a5363feccdf5db,1.0,3.0,1361766.0,3.0,2.0,0.0,2.0,0.0,172.0
358260,382,24110a2ec5a36adb9dbb6540faf32719b82f3b181cc37ceab0041e2a35a2cc87,1.0,17.0,565453.0,4.0,0.0,6.0,0.0,6.0,12117.0
358298,382,5deb26d41f21535fe62ba7b458c8a1c19aa2c449c19b58e57f517d00eb27087e,1.0,12.0,904.0,2.0,3.0,0.0,3.0,0.0,209338.0
358252,382,75209ea8acb3016637a902b530fd2ce4c12981f4edeaa637c2a372cbc44833e6,1.0,18.0,935117.0,3.0,1.0,0.0,1.0,0.0,444.0
358470,382,b600c0720096c241f5aec16b096c6a353492eee8a5855aa7f79d81390811d914,1.0,17.0,12207.0,2.0,3.0,0.0,3.0,0.0,2006.0
358227,382,3182ab9ecb0e19b96a0a68723490c01cc46dbc1e8d8a31801c9a010b436eee89,1.0,12.0,324044.0,3.0,1.0,0.0,1.0,0.0,7859.0
358239,382,f1aed06534301f98d51e9ca83f561af18a5800f3e07d64df7b71485e0b648922,1.0,12.0,103781.0,3.0,1.0,0.0,1.0,0.0,1096.0
358458,382,67657692d6856504a9ab96bae3bbb21effe7f59f8aa0a4f34b305c032b68e54e,1.0,2.0,85208.0,3.0,1.0,0.0,1.0,0.0,519.0
358237,382,7844d12452c6319c9a1d6cee9d4c173d4a2b151a5c632c15b73196b84be493c9,1.0,3.0,96316.0,3.0,6.0,0.0,6.0,0.0,146.0
358063,382,b5c5c235e898032b0dd184993f250ea6bd743c521dc2a5469038b8060b83a2ab,1.0,5.0,715.0,3.0,5.0,2.0,7.0,0.0,54985.0
358223,382,b434f69a71b6e4ccb7e43f2a16f33d6229f8a1fa31c8793a638c76b4972af53a,1.0,17.0,168008.0,3.0,1.0,2.0,3.0,0.0,372.0
358064,382,196d8720ded07e7f8f7f457ce45cb712bcecb86084bebcc1696d4356c1451b63,3.0,12.0,612138.0,2.0,1.0,0.0,1.0,0.0,15.0
358034,382,8c7a8bb21706ac20aa054090d606112d6c7b9d0320026b4cdcd9415adb906c41,1.0,9.0,16492.0,3.0,2.0,0.0,2.0,0.0,310.0
358253,382,11950d3762cf99e441d20a3f8df06ecd93f559a687b250a19314d493af252dbe,1.0,17.0,298443.0,3.0,7.0,1.0,7.0,1.0,2896.0
358061,382,8cc21d9d4e328562fb96d10b2d698714c95a48662b379d8aad7ba5290d71a5a0,1.0,12.0,296610.0,3.0,1.0,0.0,1.0,0.0,219.0
358472,382,06c5ea5ccda4dfd8839c0dec8646fb3071d2c02883ef8a9f715aaa74f38d2419,1.0,17.0,259985.0,4.0,2.0,0.0,2.0,0.0,579.0
358265,382,75945c8b1b7af88340ffe4169b39341dfded2c07248d36e91b3e2a0852c7bab7,1.0,12.0,5691.0,2.0,1.0,38.0,3.0,36.0,6263.0
358172,382,d44bf5a06abb0782f551aa67a935734f88e3b419cb61decdf6882df4b30139f0,1.0,12.0,0.0,2.0,0.0,1.0,1.0,0.0,42403.0
358455,382,08d2b4ae3c03515cac79354b8f30e3287a8d427f8af2d6ece78074fa45c148d0,3.0,12.0,357.0,3.0,0.0,6.0,0.0,6.0,15627.0
358421,382,5742b1dcfccc74572ee956591728bab60f3a931e3beb4ac17a3287c0ae2952ce,1.0,2.0,117776.0,5.0,1.0,0.0,1.0,0.0,501.0
358280,382,d7372d0b5acfea4ac56602364afc9ae625b3b7db81aaf23d835a8ab0571ec9b2,1.0,18.0,309186.0,3.0,0.0,1.0,0.0,1.0,537.0
364189,383,24110a2ec5a36adb9dbb6540faf32719b82f3b181cc37ceab0041e2a35a2cc87,1.0,17.0,565453.0,4.0,0.0,1.0,0.0,1.0,2991.0
364184,383,c1122b414958c98c43f3879e543dae4b4cd0374cdf8f2e1fa6ebcdc247cbcfe0,1.0,18.0,341725.0,3.0,1.0,0.0,1.0,0.0,205.0
364201,383,5deb26d41f21535fe62ba7b458c8a1c19aa2c449c19b58e57f517d00eb27087e,1.0,12.0,904.0,2.0,1.0,0.0,1.0,0.0,243.0
364190,383,eb128554ce8d223883c90f1aa41355051fe62bc2c15e54bd019891c21ef1b782,3.0,13.0,309683.0,2.0,1.0,0.0,1.0,0.0,1861.0
364191,383,75945c8b1b7af88340ffe4169b39341dfded2c07248d36e91b3e2a0852c7bab7,1.0,12.0,5691.0,2.0,1.0,33.0,4.0,30.0,6009.0
364176,383,22f043b4f96fe1b44b628491d2707242b02d9dd48006612bdd2823764b9911f4,3.0,12.0,918230.0,2.0,3.0,0.0,3.0,0.0,390.0
364163,383,cece622381d76715c8bc9f4a7d60ee143c0df366d73e8873a17885dbd564df87,1.0,11.0,883849.0,5.0,2.0,9.0,2.0,9.0,67992.0
364148,383,01c705b457297805c1c08137cb3adb164b8f393c265db2c3aff0a5484a703302,3.0,19.0,390912.0,4.0,1.0,0.0,1.0,0.0,1021.0
364323,383,b600c0720096c241f5aec16b096c6a353492eee8a5855aa7f79d81390811d914,1.0,17.0,12207.0,2.0,6.0,2.0,8.0,0.0,4624.0
364305,383,08d2b4ae3c03515cac79354b8f30e3287a8d427f8af2d6ece78074fa45c148d0,3.0,12.0,357.0,3.0,0.0,24.0,0.0,24.0,44272.0
364030,383,3182ab9ecb0e19b96a0a68723490c01cc46dbc1e8d8a31801c9a010b436eee89,1.0,12.0,324044.0,3.0,9.0,0.0,9.0,0.0,48599.0
364041,383,ce7e18a59a0385cdd8698c593e6d8b26274c05eb65943b1d6fd2c3e4be24ed59,1.0,15.0,405915.0,3.0,1.0,0.0,1.0,0.0,600.0
364316,383,a5e7328d1b4a8703d432503cd84b163de16f67324a72d1f723313f7278e64f18,1.0,17.0,403354.0,4.0,1.0,1.0,1.0,1.0,7099.0
363916,383,b5c5c235e898032b0dd184993f250ea6bd743c521dc2a5469038b8060b83a2ab,1.0,5.0,715.0,3.0,5.0,2.0,7.0,0.0,52365.0
364023,383,b434f69a71b6e4ccb7e43f2a16f33d6229f8a1fa31c8793a638c76b4972af53a,1.0,17.0,168008.0,3.0,3.0,1.0,3.0,1.0,53056.0
364195,383,27ff35e9c944afde84455fcb44bd5793711dcaedb206dfefa54bba42a8fd61ca,3.0,18.0,236982.0,2.0,1.0,0.0,1.0,0.0,4118.0
364044,383,7844d12452c6319c9a1d6cee9d4c173d4a2b151a5c632c15b73196b84be493c9,1.0,3.0,96316.0,3.0,4.0,0.0,4.0,0.0,1578.0
364196,383,701cc14702a42f197624ef26a56711acd08e6c8e885d969e02d911f762986737,1.0,18.0,15620.0,2.0,0.0,2.0,0.0,2.0,7424.0
363886,383,9f7cbde5e6fa68649d6670f074d1ead9d97e34f873a43573737cd00f622f1b98,1.0,17.0,73738.0,4.0,1.0,0.0,1.0,0.0,340.0
364193,383,c92f6fa2e7d8cc80e829ad43a070b5dff511a49896eabf8c2e8fa2b6574f36c3,1.0,14.0,597271.0,2.0,1.0,0.0,1.0,0.0,420.0
358977,384,08d2b4ae3c03515cac79354b8f30e3287a8d427f8af2d6ece78074fa45c148d0,3.0,12.0,357.0,3.0,1.0,14.0,1.0,14.0,39182.0
358956,384,8ad6c338a1078ea5139423c7243914c0201f4afa21def82600d46594bff8e852,1.0,18.0,171726.0,6.0,46.0,0.0,46.0,0.0,252489.0
358610,384,c90197eb61812d8b41228fa0d602f9d5062b10f4c18feca4e32d28dd6e16d4b5,1.0,15.0,246664.0,3.0,1.0,0.0,1.0,0.0,1276.0
358996,384,41be0ae5946ddf6764d67a19cf70aa03f561e7ad4358a52a605c64e21cb1b38c,1.0,5.0,92766.0,2.0,1.0,0.0,1.0,0.0,27.0
358736,384,447ce7ab639f210af3e3abcb2bf04bf11f43d9594da1c5feb410fb77b5e438dc,1.0,19.0,5260602.0,4.0,1.0,2.0,3.0,0.0,2313.0
358846,384,7844d12452c6319c9a1d6cee9d4c173d4a2b151a5c632c15b73196b84be493c9,1.0,3.0,96316.0,3.0,4.0,0.0,4.0,0.0,95525.0
358837,384,b434f69a71b6e4ccb7e43f2a16f33d6229f8a1fa31c8793a638c76b4972af53a,1.0,17.0,168008.0,3.0,1.0,0.0,1.0,0.0,161.0
358625,384,b5c5c235e898032b0dd184993f250ea6bd743c521dc2a5469038b8060b83a2ab,1.0,5.0,715.0,3.0,3.0,2.0,5.0,0.0,51482.0
358968,384,b0f66b5cbf8b56ab4fbdcec0814bbd446cd22be7279cea7621f690a2a39fb68d,1.0,19.0,190373.0,6.0,1.0,0.0,1.0,0.0,756.0
358828,384,1f68c6ef1abcf947d43c2be6c0aaa299d4d3a110be8c7bcb44909b1e1808d16a,1.0,11.0,382711.0,4.0,1.0,0.0,1.0,0.0,229.0
358605,384,51631e9c567dd5adec110d00484a89b8e986138b38b0cb803823640f49fc3d2f,1.0,17.0,80308.0,2.0,2.0,0.0,2.0,0.0,519.0
358819,384,10a082d613a789acd3abc2648c84585e92e93d7fa20591c50a33899a9c03fe61,3.0,15.0,226357.0,5.0,2.0,0.0,2.0,0.0,2234.0
358989,384,06c5ea5ccda4dfd8839c0dec8646fb3071d2c02883ef8a9f715aaa74f38d2419,1.0,17.0,259985.0,4.0,3.0,1.0,4.0,0.0,76419.0
358850,384,d24d46c19002ab1f9a02801af5e4be6a154b3c5adc04172e372c16ca446d736b,1.0,17.0,162418.0,2.0,0.0,1.0,0.0,1.0,118788.0
358624,384,ff483c74ef2977bfcf04be0a79363af72d1812aac9ce1fcdf671b4433218f6ad,2.0,17.0,41066.0,3.0,1.0,0.0,1.0,0.0,416.0
358622,384,8cc21d9d4e328562fb96d10b2d698714c95a48662b379d8aad7ba5290d71a5a0,1.0,12.0,296610.0,3.0,2.0,0.0,2.0,0.0,66089.0
358600,384,9120d6c3fcb5a51a7be24ae1a52361cc5d2ce661a4734f8be3f00127204dc41a,1.0,12.0,153088.0,3.0,1.0,0.0,1.0,0.0,89.0
358844,384,ce7e18a59a0385cdd8698c593e6d8b26274c05eb65943b1d6fd2c3e4be24ed59,1.0,15.0,405915.0,3.0,1.0,0.0,1.0,0.0,900.0
358620,384,7cb4198f30e598dc3f479fe06b6b278a85861b1fe979dd6f2546cf34168841bb,1.0,19.0,11296.0,2.0,53.0,0.0,53.0,0.0,9773.0
358993,384,2bdb09c1b1d0278325c7b9fd2991b36fd1cf43e7d15a5efb1835d31df93b80b2,1.0,4.0,16875.0,4.0,3.0,0.0,3.0,0.0,25337.0
359132,385,967c795ca2140df7a26eaac0bec30c0910e5717ea2eeb630a723713176c9eaff,1.0,17.0,48120.0,2.0,0.0,1.0,0.0,1.0,168456.0
359376,385,ca010e402907caab7f043733db0de6c8c29c58d73a0848680771c5ce12b26fb4,1.0,2.0,329450.0,4.0,1.0,0.0,1.0,0.0,5.0
359371,385,c1a54a0dabb596187506300353af65eec0722e069e1b7325262cb1396f04efdf,1.0,19.0,647672.0,3.0,1.0,0.0,1.0,0.0,716.0
359500,385,06c5ea5ccda4dfd8839c0dec8646fb3071d2c02883ef8a9f715aaa74f38d2419,1.0,17.0,259985.0,4.0,0.0,1.0,1.0,0.0,31.0
359361,385,0b9e8ffba6e141079ea6dd6ab07fc3fca7167384b320ba93cc1335f8250bf855,1.0,19.0,4969989.0,4.0,1.0,0.0,1.0,0.0,279.0
359377,385,a0a33aadc2db812079e38980653e7d6606fdb38ff240fede5af640721e5609eb,1.0,12.0,119727.0,3.0,5.0,0.0,5.0,0.0,61807.0
359113,385,e29643f9e971db8c2a2af05bf831b465b2d2dddf2f035d34ce863bf36083b3eb,1.0,17.0,0.0,4.0,1.0,0.0,1.0,0.0,148754.0
359498,385,b600c0720096c241f5aec16b096c6a353492eee8a5855aa7f79d81390811d914,1.0,17.0,12207.0,2.0,4.0,4.0,8.0,0.0,8331.0
359084,385,202b49a84bc82516cc2ef783b3fd0e29e8215286fb31fff574f7cac22690c824,1.0,17.0,113219.0,3.0,3.0,0.0,3.0,0.0,547.0
359491,385,c6def618ad861703c025be4f41bdf7569310228ae93aeffc73088c520c79558d,1.0,2.0,444392.0,3.0,3.0,0.0,3.0,0.0,2734.0
359483,385,08d2b4ae3c03515cac79354b8f30e3287a8d427f8af2d6ece78074fa45c148d0,3.0,12.0,357.0,3.0,0.0,22.0,0.0,22.0,45476.0
359269,385,7cb4198f30e598dc3f479fe06b6b278a85861b1fe979dd6f2546cf34168841bb,1.0,19.0,11296.0,2.0,7.0,1.0,8.0,0.0,5943.0
360596,386,112694ce0f5742d4f3831ecc99f877624ca17c65f04d2c137d475a9ee5b936ac,3.0,12.0,1940568.0,4.0,1.0,0.0,1.0,0.0,15156.0
360250,386,ef1f3e427300f206568d1b187075f94c83ff20f5b4ee39f9c06c0cd57804dde8,1.0,12.0,514799.0,5.0,2.0,0.0,2.0,0.0,5052.0
360567,386,a0a33aadc2db812079e38980653e7d6606fdb38ff240fede5af640721e5609eb,1.0,12.0,119727.0,3.0,9.0,0.0,9.0,0.0,292514.0
360584,386,08d2b4ae3c03515cac79354b8f30e3287a8d427f8af2d6ece78074fa45c148d0,3.0,12.0,357.0,3.0,0.0,24.0,0.0,24.0,50601.0
360645,386,557861d4015e8b599c8ced9e0c963ec6810ea0203dd6d88f59f6e2229ddaceaf,1.0,17.0,558702.0,4.0,2.0,0.0,2.0,0.0,423.0
360409,386,d24d46c19002ab1f9a02801af5e4be6a154b3c5adc04172e372c16ca446d736b,1.0,17.0,162418.0,2.0,0.0,2.0,0.0,2.0,7626.0
360386,386,ace54bcc16a93d181aad5ff99c7873ff2e79e788597338785276919dbc534e92,3.0,11.0,195474.0,6.0,1.0,0.0,1.0,0.0,20.0
360513,386,b01aea4682b7939196d577f79f9190028ff2aaa7157db99a5a6ddafe9da1e512,3.0,12.0,67019.0,5.0,1.0,0.0,1.0,0.0,103.0
360652,386,24110a2ec5a36adb9dbb6540faf32719b82f3b181cc37ceab0041e2a35a2cc87,1.0,17.0,565453.0,4.0,0.0,58.0,0.0,58.0,122974.0
360281,386,6dd85dbc8d31135be1517777406005cc44a9558bf8f2237505c26ae7d0cf82eb,1.0,9.0,6073.0,4.0,1.0,0.0,1.0,0.0,185.0
360406,386,7b11104618d8caa65909eaac749c1a42594f3c891fe06212e04129dafb3e81f1,3.0,12.0,532893.0,3.0,1.0,0.0,1.0,0.0,4262.0
360600,386,b600c0720096c241f5aec16b096c6a353492eee8a5855aa7f79d81390811d914,1.0,17.0,12207.0,2.0,5.0,2.0,7.0,0.0,11908.0
360492,386,ff824c1a876b074a3535308f9a95649ef26c14b91433b8842a1f1cbd9d956562,1.0,19.0,2406614.0,6.0,1.0,0.0,1.0,0.0,273.0
360290,386,b5c5c235e898032b0dd184993f250ea6bd743c521dc2a5469038b8060b83a2ab,1.0,5.0,715.0,3.0,6.0,3.0,9.0,0.0,79994.0
360287,386,8cc21d9d4e328562fb96d10b2d698714c95a48662b379d8aad7ba5290d71a5a0,1.0,12.0,296610.0,3.0,9.0,0.0,9.0,0.0,163479.0
360589,386,6b5ae2c6990dfa9281ea5b8f437ed6bc868cc5cac182fb33c467e615dffe6926,1.0,12.0,1705196.0,3.0,3.0,1.0,3.0,1.0,11294.0
360582,386,9f512b19157713f61149c7577ff48b4e448066490e196a2ddcb4b9b5cfacca0b,2.0,16.0,1331446.0,3.0,2.0,0.0,2.0,0.0,1396.0
360604,386,25bb6de19e362b6c73c55d8fe24e919164468e39f4e97c3f53d584bedc07790d,1.0,17.0,205.0,3.0,1.0,0.0,1.0,0.0,491483.0
360730,386,81a4519b749d00c1c16a5a29c5c1613010e008d56aa045a0037fb37614991d1d,1.0,12.0,9083440.0,4.0,1.0,0.0,1.0,0.0,1093.0
360649,386,c1122b414958c98c43f3879e543dae4b4cd0374cdf8f2e1fa6ebcdc247cbcfe0,1.0,18.0,341725.0,3.0,1.0,0.0,1.0,0.0,388.0
360572,386,22f043b4f96fe1b44b628491d2707242b02d9dd48006612bdd2823764b9911f4,3.0,12.0,918230.0,2.0,4.0,0.0,4.0,0.0,4436.0
360592,386,6901571501ec0ca4115c36a8a0f85af169d037fd5a2448704cf804b210bc4671,1.0,12.0,675939.0,4.0,4.0,0.0,4.0,0.0,4570.0
360387,386,e29643f9e971db8c2a2af05bf831b465b2d2dddf2f035d34ce863bf36083b3eb,1.0,17.0,0.0,4.0,2.0,0.0,2.0,0.0,311626.0
361128,389,ca010e402907caab7f043733db0de6c8c29c58d73a0848680771c5ce12b26fb4,1.0,2.0,329450.0,4.0,1.0,0.0,1.0,0.0,5.0
361008,389,fa1823415ad164b6e571501d86a7109495c5b7972d0fe3eac279b543636758b2,1.0,19.0,1598803.0,3.0,0.0,1.0,0.0,1.0,29415.0
361290,389,6b5ae2c6990dfa9281ea5b8f437ed6bc868cc5cac182fb33c467e615dffe6926,1.0,12.0,1705196.0,3.0,1.0,0.0,1.0,0.0,1601.0
361280,389,08d2b4ae3c03515cac79354b8f30e3287a8d427f8af2d6ece78074fa45c148d0,3.0,12.0,357.0,3.0,1.0,29.0,1.0,29.0,28910.0
360985,389,b4939febada2a9644952e8033d1089a2e58f31ebdef151c45349a2d591a83b8e,1.0,12.0,95637.0,5.0,1.0,0.0,1.0,0.0,400.0
361018,389,8cc21d9d4e328562fb96d10b2d698714c95a48662b379d8aad7ba5290d71a5a0,1.0,12.0,296610.0,3.0,1.0,0.0,1.0,0.0,3613.0
361302,389,b600c0720096c241f5aec16b096c6a353492eee8a5855aa7f79d81390811d914,1.0,17.0,12207.0,2.0,3.0,8.0,11.0,0.0,6191.0
361150,389,24110a2ec5a36adb9dbb6540faf32719b82f3b181cc37ceab0041e2a35a2cc87,1.0,17.0,565453.0,4.0,0.0,64.0,0.0,64.0,100156.0
361143,389,bdda3ef79c5f052fd281c9f28f50a25977444eceaf9751e4595fcb6099a48ea0,3.0,19.0,2390889.0,4.0,2.0,0.0,2.0,0.0,215.0
360976,389,4362149ec7c8b82af3ebdd4da0cbcd56a401124bd2da22830540cbec9f91d9ef,3.0,17.0,195044.0,5.0,1.0,3.0,1.0,3.0,19878.0
361141,389,4974cd07394c019c0dc9ba01e949ac581e65e5aa74e4392dece7e8a1f292e6e3,1.0,17.0,264699.0,3.0,3.0,0.0,3.0,0.0,792.0
361282,389,946ec9b05edb833e1bf42faff94bb5435e484b4d3b121333fb15bf11c9ae434e,1.0,17.0,0.0,3.0,1.0,0.0,1.0,0.0,150.0
361160,389,5deb26d41f21535fe62ba7b458c8a1c19aa2c449c19b58e57f517d00eb27087e,1.0,12.0,904.0,2.0,1.0,0.0,1.0,0.0,284334.0
361020,389,b5c5c235e898032b0dd184993f250ea6bd743c521dc2a5469038b8060b83a2ab,1.0,5.0,715.0,3.0,3.0,2.0,4.0,1.0,28642.0
361460,390,b5c5c235e898032b0dd184993f250ea6bd743c521dc2a5469038b8060b83a2ab,1.0,5.0,715.0,3.0,7.0,3.0,10.0,0.0,85023.0
361459,390,ff483c74ef2977bfcf04be0a79363af72d1812aac9ce1fcdf671b4433218f6ad,2.0,17.0,41066.0,3.0,1.0,0.0,1.0,0.0,2078.0
361866,390,67f5cb11e82fbee902dbb29f52e5b40e87acc4f9d28916b6a89603c050ecedbe,3.0,12.0,145855.0,3.0,1.0,1.0,2.0,0.0,163.0
361837,390,5f855a2ae4e916032e1aa9d9f9931f339dde8a952fed813ba3db0c9ad71467e9,1.0,12.0,23380.0,4.0,3.0,0.0,3.0,0.0,8563.0
361848,390,f25c3ecdfad55ef27b928d33ac83b82ec9edc4f950512d9406dacdba6e6b7b54,1.0,19.0,0.0,4.0,2.0,0.0,2.0,0.0,320.0
361863,390,b600c0720096c241f5aec16b096c6a353492eee8a5855aa7f79d81390811d914,1.0,17.0,12207.0,2.0,3.0,4.0,7.0,0.0,5595.0
361857,390,c6def618ad861703c025be4f41bdf7569310228ae93aeffc73088c520c79558d,1.0,2.0,444392.0,3.0,3.0,0.0,3.0,0.0,60.0
361720,390,d24d46c19002ab1f9a02801af5e4be6a154b3c5adc04172e372c16ca446d736b,1.0,17.0,162418.0,2.0,0.0,4.0,0.0,4.0,59606.0
361849,390,08d2b4ae3c03515cac79354b8f30e3287a8d427f8af2d6ece78074fa45c148d0,3.0,12.0,357.0,3.0,0.0,22.0,0.0,22.0,32069.0
361570,390,4974cd07394c019c0dc9ba01e949ac581e65e5aa74e4392dece7e8a1f292e6e3,1.0,17.0,264699.0,3.0,4.0,0.0,4.0,0.0,1332.0
361431,390,5be78185e32fa5d189468eb539a9731466b02f1797ad336383028333b60fa274,1.0,16.0,0.0,5.0,1.0,0.0,1.0,0.0,4035.0
361854,390,36a46c60805d0ae7055cff9cff2bc0c655734aa326fdc67a0e4eced7373e70d0,1.0,4.0,2633.0,4.0,1.0,0.0,1.0,0.0,162.0
361456,390,8cc21d9d4e328562fb96d10b2d698714c95a48662b379d8aad7ba5290d71a5a0,1.0,12.0,296610.0,3.0,4.0,0.0,4.0,0.0,31773.0
361592,390,5deb26d41f21535fe62ba7b458c8a1c19aa2c449c19b58e57f517d00eb27087e,1.0,12.0,904.0,2.0,2.0,0.0,2.0,0.0,60645.0
361709,390,cb8849b0facf7b82da911151df1a6bdaa0d805e1ea854f196c57dbbba17967c6,1.0,15.0,130082.0,3.0,0.0,1.0,0.0,1.0,120446.0
361580,390,24110a2ec5a36adb9dbb6540faf32719b82f3b181cc37ceab0041e2a35a2cc87,1.0,17.0,565453.0,4.0,0.0,46.0,0.0,46.0,119687.0
361843,390,c89285f7fe6d464af399aaae1b29bf66d037e9a9e66a8c59951460af823efa5a,1.0,17.0,1715658.0,6.0,1.0,0.0,1.0,0.0,46732.0
362225,391,c90197eb61812d8b41228fa0d602f9d5062b10f4c18feca4e32d28dd6e16d4b5,1.0,15.0,246664.0,3.0,1.0,0.0,1.0,0.0,1087.0
362478,391,6b5ae2c6990dfa9281ea5b8f437ed6bc868cc5cac182fb33c467e615dffe6926,1.0,12.0,1705196.0,3.0,2.0,0.0,2.0,0.0,1044425.0
362287,391,196d8720ded07e7f8f7f457ce45cb712bcecb86084bebcc1696d4356c1451b63,3.0,12.0,612138.0,2.0,1.0,0.0,1.0,0.0,175.0
362147,391,4974cd07394c019c0dc9ba01e949ac581e65e5aa74e4392dece7e8a1f292e6e3,1.0,17.0,264699.0,3.0,2.0,0.0,2.0,0.0,198.0
362241,391,968ff691097519f434c88b0253887d8713cd1fe22c0147e0b883ba1affeff8a3,1.0,17.0,30803.0,3.0,1.0,0.0,1.0,0.0,1417.0
362469,391,a714e6c27955d4b6613b456883e66e96fd629ccee29d8c42fcd327d12d04ab83,1.0,17.0,1856802.0,4.0,1.0,1.0,2.0,0.0,948.0
362101,391,95a6c0fd787a7f03473b58897e0d696d4ba27c61003f9277493d438798c7191a,3.0,12.0,287141.0,3.0,1.0,0.0,1.0,0.0,5689.0
361999,391,997e853d14d1bf4e2e3b700666ef97c2a694d439edba997366140d900b279400,1.0,12.0,2058195.0,4.0,1.0,0.0,1.0,0.0,255.0
362149,391,bdda3ef79c5f052fd281c9f28f50a25977444eceaf9751e4595fcb6099a48ea0,3.0,19.0,2390889.0,4.0,1.0,0.0,1.0,0.0,101.0
362245,391,5deb26d41f21535fe62ba7b458c8a1c19aa2c449c19b58e57f517d00eb27087e,1.0,12.0,904.0,2.0,2.0,0.0,2.0,0.0,50532.0
362243,391,91139782d43ac703c5e568cc35ff2eb545ec3fcd3bcf1862a6532f4b43081b01,1.0,13.0,401440.0,3.0,1.0,0.0,1.0,0.0,202.0
362153,391,c1122b414958c98c43f3879e543dae4b4cd0374cdf8f2e1fa6ebcdc247cbcfe0,1.0,18.0,341725.0,3.0,2.0,0.0,2.0,0.0,1357.0
362284,391,b5c5c235e898032b0dd184993f250ea6bd743c521dc2a5469038b8060b83a2ab,1.0,5.0,715.0,3.0,2.0,2.0,4.0,0.0,51994.0
362473,391,08d2b4ae3c03515cac79354b8f30e3287a8d427f8af2d6ece78074fa45c148d0,3.0,12.0,357.0,3.0,1.0,31.0,1.0,31.0,74695.0
362468,391,6a6382285f2607befb971e10d3240fe2f3db5300926775bde3d3b3680cafd30e,1.0,9.0,108087.0,4.0,2.0,0.0,2.0,0.0,145.0
362472,391,f25c3ecdfad55ef27b928d33ac83b82ec9edc4f950512d9406dacdba6e6b7b54,1.0,19.0,0.0,4.0,1.0,0.0,1.0,0.0,62.0
362136,391,a0a33aadc2db812079e38980653e7d6606fdb38ff240fede5af640721e5609eb,1.0,12.0,119727.0,3.0,3.0,0.0,3.0,0.0,70324.0
362486,391,b600c0720096c241f5aec16b096c6a353492eee8a5855aa7f79d81390811d914,1.0,17.0,12207.0,2.0,3.0,2.0,5.0,0.0,35536.0
362480,391,c6def618ad861703c025be4f41bdf7569310228ae93aeffc73088c520c79558d,1.0,2.0,444392.0,3.0,2.0,0.0,2.0,0.0,1944.0
362230,391,24110a2ec5a36adb9dbb6540faf32719b82f3b181cc37ceab0041e2a35a2cc87,1.0,17.0,565453.0,4.0,0.0,17.0,0.0,17.0,37242.0
362207,391,8af18d87937633313c1040db8b01bd51bced5a9c041bff85f262aa64dee63864,1.0,19.0,221324.0,4.0,1.0,0.0,1.0,0.0,409.0
363020,392,24110a2ec5a36adb9dbb6540faf32719b82f3b181cc37ceab0041e2a35a2cc87,1.0,17.0,565453.0,4.0,0.0,19.0,0.0,19.0,47716.0
363157,392,b600c0720096c241f5aec16b096c6a353492eee8a5855aa7f79d81390811d914,1.0,17.0,12207.0,2.0,1.0,2.0,3.0,0.0,3424.0
362869,392,4974cd07394c019c0dc9ba01e949ac581e65e5aa74e4392dece7e8a1f292e6e3,1.0,17.0,264699.0,3.0,3.0,0.0,3.0,0.0,724.0
362855,392,a35ca0ad8421ca39eaf5cb188848f888fb2fe7dc9e1da741fec337562bfea88f,1.0,3.0,250729.0,4.0,1.0,0.0,1.0,0.0,395.0
363161,392,06c5ea5ccda4dfd8839c0dec8646fb3071d2c02883ef8a9f715aaa74f38d2419,1.0,17.0,259985.0,4.0,0.0,2.0,2.0,0.0,12228.0
363146,392,173dee5e5bb638db0cbbd19917d698ec1b38d2d91a00f1640917f1cd65a7209a,1.0,16.0,11571.0,3.0,2.0,0.0,2.0,0.0,2113.0
363153,392,c6def618ad861703c025be4f41bdf7569310228ae93aeffc73088c520c79558d,1.0,2.0,444392.0,3.0,1.0,0.0,1.0,0.0,599.0
362928,392,2886a332d3530dcbfebeb0292251d04c1e0c20e767051dbfafd1e09fd7b864f4,1.0,9.0,5845.0,4.0,0.0,34.0,34.0,0.0,52741.0
362934,392,ad87180f85192a978637010ba153cd6a5e1d288d5f6bc8d34b6022600eb2fd62,1.0,14.0,5362.0,4.0,5.0,0.0,5.0,0.0,92571.0
363147,392,08d2b4ae3c03515cac79354b8f30e3287a8d427f8af2d6ece78074fa45c148d0,3.0,12.0,357.0,3.0,0.0,21.0,0.0,21.0,50572.0
362952,392,b5c5c235e898032b0dd184993f250ea6bd743c521dc2a5469038b8060b83a2ab,1.0,5.0,715.0,3.0,3.0,3.0,5.0,1.0,58964.0
363155,392,823fc5ce48cd827628ce0d1c574e6c3582cb772cf6173a9384df22d56bb72f0c,1.0,17.0,114439.0,2.0,2.0,0.0,2.0,0.0,2694.0
363123,392,8ad6c338a1078ea5139423c7243914c0201f4afa21def82600d46594bff8e852,1.0,18.0,171726.0,6.0,22.0,0.0,22.0,0.0,170911.0
362864,392,a0a33aadc2db812079e38980653e7d6606fdb38ff240fede5af640721e5609eb,1.0,12.0,119727.0,3.0,3.0,0.0,3.0,0.0,60277.0
362736,392,2da258c4fc8770916f569636095e9ff22cd485c408ce16a5cd44f3e58b88969d,3.0,18.0,2810414.0,2.0,2.0,0.0,2.0,0.0,41146.0
362866,392,22f043b4f96fe1b44b628491d2707242b02d9dd48006612bdd2823764b9911f4,3.0,12.0,918230.0,2.0,2.0,0.0,2.0,0.0,607.0
362723,392,c62baab3b4829e0c15b13741548b58719a8c63b4b6a25b2213a688fe407cd91b,1.0,2.0,0.0,3.0,1.0,0.0,1.0,0.0,181.0
362734,392,d24d46c19002ab1f9a02801af5e4be6a154b3c5adc04172e372c16ca446d736b,1.0,17.0,162418.0,2.0,0.0,3.0,0.0,3.0,96435.0
362916,392,302952c4fe400057db1ba19f5cc5d61629d0c209afad4fdcdc9ae1593c0bb573,1.0,18.0,50361.0,6.0,1.0,0.0,1.0,0.0,906.0
363131,392,38071648bbb0130204660dca1d8c805d06e7610c59b2d376317c8e95bd43375b,1.0,14.0,721361.0,6.0,2.0,0.0,2.0,0.0,109.0
362859,392,c71a1f73b6ce39ae26516e5be4d1631e5719bf2c3ba6f6ea4de3c39603e11843,1.0,19.0,2904842.0,3.0,2.0,0.0,2.0,0.0,269.0
364983,393,9fcc02b5ff439ee403d6a48d5b2d1dd57c57df02918e5095bca6eb598bf9f90c,1.0,13.0,1533587.0,2.0,0.0,2.0,0.0,2.0,548834.0
364470,393,4974cd07394c019c0dc9ba01e949ac581e65e5aa74e4392dece7e8a1f292e6e3,1.0,17.0,264699.0,3.0,2.0,0.0,2.0,0.0,1042.0
364748,393,8cc21d9d4e328562fb96d10b2d698714c95a48662b379d8aad7ba5290d71a5a0,1.0,12.0,296610.0,3.0,3.0,0.0,3.0,0.0,109266.0
364722,393,964322b3e9bd5af2377aa32c5e5e1f1354f42d19a583f7077ff91e4d4ae5ea67,1.0,9.0,46943.0,4.0,1.0,0.0,1.0,0.0,404.0
364964,393,2a0fdc582840f1ef3ad9b597d05f6d73533a063ef818966ef0b75bc84f3465bb,1.0,17.0,538995.0,4.0,1.0,0.0,1.0,0.0,530.0
364675,393,08d2b4ae3c03515cac79354b8f30e3287a8d427f8af2d6ece78074fa45c148d0,3.0,12.0,357.0,3.0,2.0,37.0,2.0,37.0,83276.0
364702,393,b600c0720096c241f5aec16b096c6a353492eee8a5855aa7f79d81390811d914,1.0,17.0,12207.0,2.0,1.0,4.0,5.0,0.0,4791.0
364462,393,a0a33aadc2db812079e38980653e7d6606fdb38ff240fede5af640721e5609eb,1.0,12.0,119727.0,3.0,2.0,0.0,2.0,0.0,30138.0
364926,393,f102029c20f1a193dd0a701d9d4b8c1e1fb53f910744ac7142af3a4f79e88252,1.0,17.0,3361306.0,3.0,1.0,0.0,1.0,0.0,3808.0
364977,393,f743781d05bfc91197ac218a15c723dfbe7a178decb34328073c354b41306217,3.0,12.0,1104366.0,4.0,2.0,0.0,2.0,0.0,361.0
364455,393,cece622381d76715c8bc9f4a7d60ee143c0df366d73e8873a17885dbd564df87,1.0,11.0,883849.0,5.0,1.0,10.0,1.0,10.0,59374.0
364633,393,6a6382285f2607befb971e10d3240fe2f3db5300926775bde3d3b3680cafd30e,1.0,9.0,108087.0,4.0,3.0,0.0,3.0,0.0,580.0
364484,393,24110a2ec5a36adb9dbb6540faf32719b82f3b181cc37ceab0041e2a35a2cc87,1.0,17.0,565453.0,4.0,0.0,21.0,0.0,21.0,45402.0
364728,393,ad87180f85192a978637010ba153cd6a5e1d288d5f6bc8d34b6022600eb2fd62,1.0,14.0,5362.0,4.0,6.0,0.0,6.0,0.0,113143.0
364721,393,6bca6f93b8059ec294ad2379cc46471e360fbe95f0cd0379eca355aef290c0b6,1.0,18.0,1085860.0,3.0,1.0,0.0,1.0,0.0,255.0
364770,393,b5c5c235e898032b0dd184993f250ea6bd743c521dc2a5469038b8060b83a2ab,1.0,5.0,715.0,3.0,3.0,2.0,5.0,0.0,52386.0
364717,393,2886a332d3530dcbfebeb0292251d04c1e0c20e767051dbfafd1e09fd7b864f4,1.0,9.0,5845.0,4.0,0.0,24.0,24.0,0.0,36610.0
364468,393,2c631744c3d5975645c1c541f1721e8fd2bc0e7927e517bd1f6a3c7cd899b946,3.0,13.0,2176324.0,4.0,2.0,1.0,3.0,0.0,6751.0
364485,393,f41c0860cf0cb5e7b72b0ced16ab427a06fc0ad3fc0f710d1f2e1695bd4571bf,1.0,17.0,644169.0,2.0,5.0,0.0,5.0,0.0,1970.0
364597,393,8ad6c338a1078ea5139423c7243914c0201f4afa21def82600d46594bff8e852,1.0,18.0,171726.0,6.0,32.0,0.0,32.0,0.0,293551.0
364488,393,eb128554ce8d223883c90f1aa41355051fe62bc2c15e54bd019891c21ef1b782,3.0,13.0,309683.0,2.0,1.0,0.0,1.0,0.0,2287.0
364472,393,bdda3ef79c5f052fd281c9f28f50a25977444eceaf9751e4595fcb6099a48ea0,3.0,19.0,2390889.0,4.0,2.0,0.0,2.0,0.0,319.0
