alert_key,probability
352342,0.4896014178294303
352696,0.5430455371630463
352330,0.461166194725803
352683,0.0014135827506243405
352658,0.0005037088368372288
352691,0.0010751062920533864
352558,0.00016195132950557915
352685,0.207782907005849
352249,0.11442337855211453
352857,0.20434689534645356
352557,0.00018619841126943436
352309,0.2156716632960781
352344,0.27784835034138283
352693,0.24851855526743197
352298,0.00025987324197110107
352859,0.21027920369163772
352700,0.6016254141276656
352316,0.6353961699073237
352329,0.8516173709878904
352343,0.361425965332881
352880,0.26707865733982683
352886,0.3317548414109351
352651,0.0021156865497955926
352494,0.7133626489445662
352699,0.2726242533340554
352816,0.7086978390443104
352253,0.5731219081341431
352280,0.00023817452385323365
352497,0.5518366324855717
352870,0.4321825892113308
352872,0.1201533389423339
352487,0.5233638534913583
352654,0.14212888859043676
352493,0.2886477623295825
352282,0.12935059826517503
352858,0.001215310942159778
352337,0.03399590960361391
352704,0.8171539363840903
352874,0.0018253567065677394
352522,0.3294242834382265
352331,0.3414894281316346
352480,0.33696869088510006
352320,0.0014050913848121253
352476,0.16940880471487552
352254,0.05079499171439032
352492,0.0030171436038085625
352332,0.28226462965096033
352877,0.0008480415146927844
352488,0.0022819741579800917
352301,0.4153953706985086
352503,0.3541510619430898
352888,0.12908349080782192
352465,0.000516194993309316
352684,0.0009228206471856699
352302,0.3456507004329776
352501,0.6678476496182091
352660,0.20562092928233067
352495,0.002106323186202993
352871,0.0006604383456671574
352710,0.0010477846633896667
352508,0.26892487381749053
352305,0.0004649782495548728
352291,0.19489242303692156
352470,0.0009426376460248687
352670,0.21849288144828166
352865,0.0003144678325712827
357209,0.1102596224794437
357699,0.0029400339212985807
357870,0.9105215251946226
357294,0.13969490064179704
357448,0.14769524365339223
357892,0.000879921123046114
357288,0.19784860149672348
357287,0.43537904405012656
357849,0.09791347578008261
357292,0.1956782719872322
357510,0.6020622206871692
357889,0.0025636930637230586
357282,0.0003915166834656721
357656,0.0002060269048948083
357841,0.10479330540389634
357320,0.3185335343788414
357259,0.15617009786582495
357705,0.4002092562993477
357304,0.9806466676773473
357275,0.00025893587622167764
357441,0.002065723120281346
357706,0.0004291296390712854
357670,0.21888628563266946
357221,0.6354071537745551
357313,0.8526789300074283
357493,0.7409162094015017
357297,0.6279739125041688
357717,0.3464630437862249
357341,0.03521800905886575
357233,0.08937770845217732
357498,0.5983158822572802
357682,0.036624729656811614
357862,0.13221498742792043
357887,0.5476849101941841
357506,0.5771102140626144
357274,0.4634551547708015
357700,0.5492211003936103
357509,0.2859937510075589
357893,0.004201722017325284
357307,0.38130019440716606
357261,0.00020158051527108007
357671,0.0009360164261072057
357324,0.3031608669709592
357513,0.0003592841629664221
357688,0.21810174919892095
357455,0.0007897677522993666
357709,0.5522135266216291
357885,0.6399629799187473
357871,0.5091492311558696
357788,0.9635920764435929
357442,0.0008577710238255012
357527,0.6663421357106843
357863,0.31954139945079124
357883,0.6131840417066168
357222,0.5809261794253477
357482,0.3524389971650635
357347,0.2860301859296965
357856,0.0004890142344468262
357882,0.4306947714696127
357466,0.009810703354310576
357278,0.00044268733667622063
357693,0.5159322137920291
357319,0.0043061963280725795
357314,0.002283127104342037
357447,0.3437467729583608
357712,0.0005182428347260616
357852,0.00018857360198886212
357521,0.6926430138758785
357869,0.37423194360452017
357888,0.0029962697722349537
357904,0.0024083126278895335
357471,0.13461400412332106
357497,0.0005139562585105358
357286,0.7533248181327287
357490,0.22213806058022778
357902,0.7033386426574819
357668,0.41900506797873777
357322,0.9338173744117658
357488,0.0007680185265193485
357291,0.21537826290432152
357695,0.0013341353536709538
357457,0.13575176704143269
357484,0.0017779891214283912
357907,0.08887614049783023
357897,0.0007335992453017328
357526,0.5860638596284309
357281,0.11370293271370872
357295,0.3366165264400482
357850,0.00020642832987087889
357661,0.0009139945482967139
357866,0.0015222362244775444
357445,0.1452432120597194
357475,0.024676036864850603
357456,0.2020417972218476
357702,0.5775842918558152
357327,0.04340377624039885
357302,0.0016553084364244175
357525,0.646557226427751
357285,0.25714374392409495
353566,0.4876078996346009
353376,0.5409412890298674
353413,0.6649851929133697
353403,0.26210410031988945
353541,0.0011739726209753546
353074,0.028999895428531684
353571,0.015668252002693478
353033,0.3389932417268511
353545,0.1408863149757821
353578,0.5768829548968175
353032,0.00021804611505935417
353589,0.79075559721701
353083,0.2933912141170245
353558,0.30197384428341606
353231,0.3300890111477722
353209,0.003548872792437635
353227,0.5696211423567271
353494,0.9910633437838244
353072,0.8528486882126708
353359,0.19562670485656938
353394,0.5516048313735724
353200,0.22702026034988534
353540,0.0013256119134533266
353080,0.0008473292674113512
353198,0.12513731904990144
353587,0.33362729739060354
353396,0.0027710947194211715
353056,0.0016313343142001237
353041,0.00026839441937069196
353407,0.5673125392408207
353178,0.038249586013669366
353592,0.7420635161937659
353229,0.0010730369811457938
353047,0.0003518921033494147
353383,0.30278658564978606
353043,0.34564063859912747
353233,0.0008173406246928544
353579,0.3177168211425238
353582,0.6215711144131673
353385,0.038747771928338906
353596,0.6340198878606347
353051,0.2847309343376691
353549,0.0003104152900667106
353059,0.9054365408333122
353248,0.2959641148052914
353550,0.22488497074415353
353399,0.000809886760823721
353247,0.1828835336741512
353065,0.5632291031944808
353569,0.1917745249582116
353220,0.0007705535298156085
353213,0.5279602132683178
353172,0.06927339520534143
353045,0.0008615398600849735
353366,0.00019954539257434565
353084,0.8218195488820642
353201,0.13623099203454242
353586,0.5760366190547209
353077,0.27305390877259234
353234,0.0037590847670302963
353556,0.1647251228330962
353833,0.00036542092283122217
354047,0.8296036658731026
354428,0.3040748147309927
353831,0.22270682475105935
354044,0.002736495804007963
354235,0.43465355211679485
354178,0.5624033344131956
354211,0.0001965929806136778
354431,0.2390036150580497
354401,0.15327161175475498
354430,0.0008580943138454681
354007,0.2657907780623029
354024,0.00097217611653063
354417,0.15775057255030983
353868,0.0011106499975188436
354039,0.002267992712952531
354435,0.9168386324529726
354254,0.8527137685044941
354238,0.2595930231874387
354177,0.589643002234547
353855,0.0008784187989281532
354470,0.6656994272512292
354226,0.00044237466608502475
354220,0.32309954877000563
353864,0.6156023423559731
354256,0.28894491144762613
353848,0.22842307027204647
353851,0.00026782430573064463
354453,0.002450765722302755
354446,0.0005719813222141621
353865,0.5696201089841171
354245,0.001554469311535268
354014,0.11410053002289886
354143,0.9087403290132198
354452,0.7522950387204471
354447,0.26407963061942613
353847,0.5
353878,0.3368526592063293
354022,0.4082383895265264
353872,0.8906736494384266
354471,0.0005544841774055384
354223,0.00026081507993784087
354261,0.00041504003477281314
354045,0.5648713455651414
353835,0.2255385579715128
354449,0.645348618193781
354459,0.8048984517190221
354258,0.040344168774989884
354465,0.4610345870994647
354048,0.4002092562993477
354260,0.5
353860,0.5227612047859934
354413,0.007419681039510333
354421,0.38693990942328543
354262,0.2928786593528968
354049,0.0003887006361248482
354040,0.46977958688136456
354263,0.2690077830554954
354246,0.007351838900083715
354229,0.00040900167009102735
354443,0.5869670133666651
353823,0.07276715888486807
353890,0.0970678054063961
353888,0.33175691734651275
354432,0.21013620449187176
354218,0.9999964691746311
354054,0.5881673373961948
354013,0.0002262699173039188
353867,0.5245660255493967
353875,0.0008481043868531268
353825,0.5790781113819431
353843,0.0013566530429460048
354834,0.0008480872950355241
355193,0.5710475876582047
354938,0.22350273896044884
354958,0.0017280393906928381
354928,0.00019693874916572624
354642,0.0013058446821861463
354607,0.4462164919581451
354596,0.24648026601567358
354966,0.0029466375831512337
354670,0.28622329191318624
354804,0.5131288402117828
354836,0.003620926421685357
354788,0.00034876422719235737
354662,0.03427842321794318
354759,0.009130246840687606
355203,0.0022425598072294984
354807,0.5645647331193557
355166,0.17045874488916887
355212,0.0014935201635958616
354820,0.9740119007502199
354939,0.001411440616274572
355091,0.6479231072751128
355152,0.0004449165989219495
354652,0.8522995305749977
354959,0.4705946018067583
354629,0.4423114121586477
355183,0.4336758026151555
354672,0.11622677758266557
354837,0.0020115559397003084
354944,0.0009673492148580871
355221,0.00042831973418328576
355156,0.12838230546972745
354795,0.1915079374232502
354595,0.00020303651902990312
354817,0.3468050199060201
354967,0.0003334232854858023
355146,0.0013259224068771593
355181,0.22954141834249037
354778,0.1566941804309992
354616,0.17981219740288218
354603,0.947837596184493
354668,0.0004334578032400408
354813,0.0008506284539828788
354854,0.40565107389579735
354780,0.18865549841952595
354810,0.6589985855061758
355198,0.6184268811660495
354935,0.0009295878956021046
354576,0.00016243254211806152
354661,0.3038017546453391
354675,0.0005986486503212962
354970,0.0013003619499329874
355168,0.00015363583268146247
354973,0.6234777770824134
354824,0.6063322051879275
354606,0.0008348954435233449
354947,0.17327857316886774
354573,0.018318200905320242
355196,0.27262271397607424
355188,0.0008454298835941106
354619,0.00045051814726873774
354962,0.3695654113499203
354930,0.0777228964850825
355216,0.0026667255205642328
354792,0.4250858619713236
354826,0.5697566356851512
354618,0.0007371255244754728
354667,0.5861683151300516
355201,0.4151176886925106
354790,0.0071973170579660035
355155,0.4748419131992089
355178,0.0008603655024662426
354798,0.4324656273810517
354814,0.39589812923264045
354673,0.7491432637765617
354622,0.26327917457993427
354950,0.6026620589678062
354613,0.0004425087043364104
354658,0.2841692356793396
354968,0.5954102287969733
355090,0.9674287242342282
354951,0.0007524579972969551
354569,0.5924682533405844
354978,0.3698529484511761
354971,0.22068753508386704
355204,0.33362861304948427
355123,0.0001271456811211076
354819,0.0006600608827288241
354612,0.0002608267628976706
354625,0.00902821255423578
355222,0.6755874115014108
354679,0.7721379654168851
354604,0.001984493283412261
354799,0.003896230953655733
354855,0.2269106780014824
354669,0.30004245710217325
355197,0.00039188892163758375
355147,0.0010830341625229912
354801,0.4725340471680577
355501,0.07706921741695484
355789,0.2004680559273503
355813,0.0029999440212514247
355808,0.27262083202773324
355791,0.0015653288592833874
355748,0.0007464534942298095
355806,0.5830883869937807
355565,0.3650399180570932
355917,0.10270919012351283
355755,0.6449068709145565
355373,0.00027616782313647116
355633,0.9837274596997361
355678,0.1899000096026334
355561,0.0004531452292715094
355751,0.9804255427211752
355770,0.5697417363138068
355915,0.3317568528424855
355731,0.2048734695676198
355558,0.379579830587653
355557,0.8056712820859732
355795,0.679026831658416
355673,0.1834278805903927
355559,0.5838457004681571
355716,0.14932635922225243
355429,0.28769494902368925
355395,0.6358800965182186
355413,0.8517397472527779
355769,0.6144098563066087
355724,0.7945618865583847
355521,0.00021164493676310332
355532,0.0009312860595649443
355556,0.2702974340206882
355382,0.7533248181327287
355546,0.02410548459329094
355756,0.7533767082933488
355418,0.8097258300234444
355895,0.33006227947267325
355379,0.0007328322591079095
355776,0.4363615396881859
355761,0.38380576040109726
355740,0.14288149953547533
355737,0.16162015644181704
355389,0.43465082549411116
355555,0.0028466118160011705
355667,0.5564433698722695
355378,0.00046217173645812776
355901,0.0033759701958382556
355542,0.0005281280082123993
355884,0.023039069972009982
355549,0.4612026116567283
355431,0.000654702537921354
355386,0.006261237165117589
355548,0.0017358428408052254
355801,0.75472473365385
355426,0.434241251016613
355563,0.4779255510701627
355411,0.3498253944537891
355792,0.0008579822847896003
355757,0.13113959167757536
355362,0.00020333650896857535
355380,0.00037754925150439145
355705,0.08089040201178967
355827,0.6753330804468125
355734,0.31891223751420306
355388,0.19439650015012747
355909,0.734614539564423
355347,0.593047034671998
355417,0.3095265807190007
355780,0.08683375685319433
355794,0.220453279804737
355793,0.4049951546482527
355566,0.0005336493970178604
355525,0.0009556885912074114
355523,0.007098958483344218
355729,0.00018835776814486203
355816,0.2522808695008899
355672,0.005834903113995782
355403,0.41055600014036286
355787,0.2435740898453135
355725,0.17700891991942294
355384,0.5228719645447006
355570,0.3929752027771856
355397,0.529561345215247
355773,0.0010327305734861634
355402,0.0015089090169534197
355567,0.3464631866958557
355800,0.0005141766965951604
355428,0.572389926551213
355814,0.35032855809333424
355375,0.300963749993731
355540,0.6089417577563409
355677,0.37228607220539617
355905,0.6505351476081038
355815,0.14641760394195533
355753,0.5974147854522747
355458,0.009223834050360478
355810,0.6184129319355538
355376,0.0004241602569180109
355436,0.0010044566500615425
355519,0.14395989322799882
355420,0.2658399583063745
355759,0.6590265922620938
355899,0.0008171781575992895
355900,0.000499365793138544
360015,0.017538500517054814
359610,0.00010371891567909391
359626,0.00045729945113537617
356421,0.003306197744832704
359633,0.48301549987902725
356220,0.4286269596358714
359854,0.5557279390188874
356387,0.20204417241002862
359681,0.0009731148499139343
356221,0.00029240222417527777
356420,0.05244256933852243
359784,0.001628487296022234
356052,0.28827271413185723
359851,0.26210410031988945
356050,0.20804833412231352
359638,0.0003994761209423989
356014,0.41992176718509505
359860,0.0005311804419269369
359647,0.20804833412231352
356409,0.39754068136321463
359607,0.9136001433603117
359767,0.4286269596358714
359648,0.43468888804211775
359945,0.0008172056213580398
356034,0.00045729945113537617
356180,0.4794081364094077
356249,0.8942786876650005
359856,0.2860438032092609
356305,0.003259466431952483
359777,0.0005503547180815527
356304,0.0009682116545515889
356182,0.26210410031988945
360075,0.6184025766604668
359771,0.8694884064111215
359768,0.00029240222417527777
360079,0.3336233503204752
356068,0.2519768985517178
356386,0.2756402475706891
359941,0.31046050199319164
359653,0.6254591738254612
356403,0.08802131470096236
359837,0.0009653088206926203
359858,0.3748378883939079
356055,0.6254591738254612
356065,0.8518373088520286
359668,0.8518373088520286
359946,0.0009682116545515889
359954,0.734590907772919
356413,0.6416548491941946
356188,0.3748378883939079
360053,0.1773893056683225
359831,0.4938722343248968
360029,0.5480413766207741
356418,0.0003679539224414852
356388,0.4762085214616933
356179,0.0017045986225908286
356248,0.001628487296022234
360082,0.2520505380301384
360094,0.5813266927307956
359673,0.5467292954601967
356369,0.017538500517054814
359849,0.4794081364094077
360063,0.0008583202991795349
360065,0.22215377530205194
359762,0.318892967017684
356411,0.6722418760422426
356187,0.48494003402538394
356195,0.5796016818682415
360062,0.0008197111395974179
359925,0.03601082404685593
359605,0.41992176718509505
359853,0.38127343863612984
360074,0.0003679539224414852
360058,0.08802131470096236
359675,0.27637641501185645
360041,0.4762085214616933
356484,0.00022183475263725343
356306,0.3101262637948544
356288,0.03601082404685593
360081,0.18526156548137665
356183,0.6291647643960527
356300,0.31046050199319164
359950,0.459414878748973
356120,0.07557044979639811
356316,0.06622741916826368
356186,0.2860438032092609
360147,0.00022183475263725343
359737,0.11405112761311194
360040,0.20204417241002862
359852,0.6291647643960527
359841,0.2865125511041108
360090,0.5746779941341208
356225,0.8694884064111215
359674,0.2915115364186763
359828,0.00444874833220856
360039,0.2756402475706891
356372,0.06086550560875723
356216,0.318892967017684
359603,0.10337144800003205
356037,0.2633332878604293
360066,0.6722418760422426
359827,0.00031022078564757585
359848,0.0017045986225908286
356407,0.0008197111395974179
359732,0.07557044979639811
356408,0.0008583202991795349
359961,0.06622741916826368
356311,0.734590907772919
360018,0.06086550560875723
359654,0.2551487608706085
359857,0.48494003402538394
356016,0.9136001433603117
359656,0.3881646804256966
359785,0.8942786876650005
356422,0.3336233503204752
356043,0.0003994761209423989
356424,0.18526156548137665
360077,0.05244256933852243
356303,0.0008172056213580398
356140,0.11405112761311194
359947,0.003259466431952483
360085,0.0015715982130094376
360064,0.39754068136321463
360072,0.5869476231645449
359650,0.28827271413185723
359642,0.00035170539456595153
360069,0.6416548491941946
356018,0.00010371891567909391
356165,0.00444874833220856
356426,0.002542016658523667
356173,0.2865125511041108
356399,0.1773893056683225
356045,0.00035170539456595153
360078,0.003306197744832704
360046,0.08072512116216368
359636,0.00025434173261594604
360034,0.18350732892294055
357100,0.0007091058762642973
356608,0.5594325553284796
357119,0.25259538297864254
357094,0.22214036507844542
357112,0.6814193557280189
356790,0.36505556178984333
356784,0.0005760110443589928
356795,0.5545810305572484
356773,0.0015763510175388635
357077,0.0014834703569926314
356962,0.6525896200426624
356624,0.3391910558254902
357124,0.5238727701768208
357115,0.0003364746546316899
356630,0.3010620780635672
357109,0.008247717092446582
356602,0.9923434667460644
356599,0.00024713288537986855
356859,0.025211230140442818
356629,0.3232526719573874
357066,0.00019095115012383404
356565,0.1537800198924577
356600,0.00039559262904025245
357095,0.6757276720744382
356789,0.0477718552570043
357068,0.386642182704045
356736,0.41534883650335847
356614,0.26085938378300416
356749,0.5113913576380987
357098,0.23401400309052664
356966,0.028435657244154675
356612,0.635002928788173
356951,0.5479761420192869
356746,0.00015500514167724014
356918,0.00021886928942756303
357108,0.6313511450443381
357081,0.009180137524366042
357086,0.09468540195279977
356953,0.0011155181480737124
357092,0.21343370613087004
356783,0.22363912373104158
356611,0.35625054495380887
356941,0.001300989602794352
356639,0.26991907204110255
357101,0.5982713669103318
357107,0.26407953314623633
356776,0.0025912107781945162
356781,0.5762071112074857
356779,0.38615882605984814
356911,0.11788173771453718
357079,0.19561614231919
356569,0.5609037257192993
356742,0.00025676111173990974
356949,0.5859487494511351
356932,0.00030344188727873003
356605,0.3352051055800095
356617,0.3918777218110789
356638,0.5564978658502948
356890,0.07991409094712691
356628,0.4126947480706517
357128,0.6775498402340399
356632,0.29105084932269176
357058,0.5473541153703114
356792,0.0005514604983124307
356944,0.25516225416236604
356765,0.3351768917763892
357103,0.5770326495860612
357089,0.0019165571830505601
357106,0.0005509972131656539
357090,0.0008582461346737166
356601,0.0006608431790640355
356606,0.434650178160891
357064,0.09586861486659692
357091,0.3975389342518946
356757,0.0008019764299109176
356756,0.4082380282045376
356959,0.7147160983694967
356957,0.0008171729699481347
356594,0.48301699134465054
356610,0.0016675592663413822
356644,0.001063352505517413
363730,0.08078336614484688
363571,0.004526754230609331
363479,0.27808388958976904
363764,0.5969680675247867
363753,0.8109671417681492
363328,0.3973545111250436
363307,0.8843981239563016
363751,0.0035013767912948604
363695,0.00020707277755900426
363757,0.6806366522684121
363477,0.0009019300065908058
363773,0.5867719253290319
363337,0.8528069894722162
363569,0.0002839939422355367
363276,0.10090761947739456
363439,0.00044412961647261924
363288,0.0001508483157097044
363696,0.3868085026197101
363759,0.9167967058640507
363320,0.7123602027679619
363767,0.2726228858036157
363453,0.0007491767655337032
363754,0.397541274618597
363465,0.0008171773563542531
363776,0.0008495337259308626
363341,0.036730799090695695
363441,0.12841960114223022
363738,0.01816745579123774
363682,0.5592148819645468
363467,0.6019168736170418
363261,0.0014536971274078812
363771,0.6181733124259118
363455,0.33251662305203855
363756,0.22213757095681444
363319,0.29656864610295475
363317,0.12735359856117726
363322,0.5594299826162985
363584,0.479195072952773
363590,0.0007556805832779333
363780,0.798880729168597
363684,0.00043840179665322087
363763,0.0013474357112285822
363442,0.0002987064391964529
363770,0.0002670432488349889
363446,0.5114867087570785
363740,0.24511406642744915
363774,0.7466275353724691
363282,0.0177779823745099
363588,0.5559652296453664
363339,0.2625897955671489
363697,0.276140387938978
363752,0.000858213093074923
363459,0.5695886261349348
363478,0.002698056035659643
363284,0.9450427139179071
363338,0.30091801301012744
363345,0.5651789407344926
363346,0.6430576590864624
363788,0.42220159813821384
363583,0.0017635468882372693
363712,0.03887348137949846
363746,0.293762685631973
358467,0.6207742470600618
358443,0.2811119039729898
358481,0.6756131746206326
358281,0.6108343560207311
358006,0.5763586230345361
358233,0.6514878532455927
358228,0.6112032960060145
358459,0.5859542855316339
358242,0.5634603152376065
358444,0.00029145620425675175
358451,0.0012768739984316071
358250,0.0006569140636703869
358268,0.418505375785468
358213,0.21202436621285017
358276,0.0003115223862972648
358008,0.1415637199703587
358471,0.6485271005426531
358453,0.7263554053617227
358195,0.19804252881251522
358214,0.4025932742276968
358254,0.8194562845892138
358067,0.27194486285674824
358300,0.45682394794106373
358036,0.3581139953941262
358229,0.9136479155368655
358199,0.0009427608100604993
358260,0.3303295868411942
358046,0.5961770647187006
358005,0.8375254618484266
358298,0.33175541726816965
358044,0.6447658592257728
358430,0.19376559237770188
358059,0.30123745712841743
358252,0.8176104634239477
358464,0.644150230671937
358264,0.0008480954679300156
358456,0.000638586580413108
358001,0.11116191986577638
358239,0.2648211175730524
358458,0.587916851745388
358220,0.5935680058995038
358248,0.35373471744099044
358237,0.6163701151097067
358480,0.669082098984049
358410,0.01867405674815854
358138,0.06217646582440799
358463,0.27262222901528943
358064,0.0005135748539061934
358066,0.5551084767501043
358431,0.1283723074666121
358222,0.0013925320461969522
358034,0.2571402682131687
358253,0.4386269606688628
358258,0.0010328735407641187
358061,0.2482598801983461
358157,0.09773212140398864
358037,0.4346503778407862
358265,0.32989363434370944
358232,0.34694765159934793
358454,0.14616174100110663
358235,0.8560646345370796
358192,0.40329470248706767
358421,0.5469750706985491
358462,0.0005509000529224195
358432,0.1447695968776485
358197,0.00019605632166156656
358466,0.7001612370767918
358457,0.7228732714963743
358479,0.0004620337093551461
358193,0.0002058564047389398
358452,0.0008263620373779206
364182,0.5945616218178393
364186,0.0007589999430978667
364011,0.08063304569282763
364184,0.5477008077572626
364179,0.3198549786231637
363900,0.6435080746099732
364261,0.00020370721347419716
364169,0.6114283209086194
364172,0.0005396909161355282
364319,0.2726364338635293
364251,0.7763571415149495
364307,0.215607952200931
364190,0.0007873127873691869
364035,0.36353892548482536
364031,0.6746877244286783
364311,0.8458647021062186
364304,0.20126900024243605
363906,0.2818346047847026
364015,0.292904810004057
364223,0.8982665529262736
363896,0.7128379568885589
364293,0.00034785073361372204
363918,0.26965875974707687
364203,0.07230430594680505
363902,0.24903515753485492
363895,0.4346909437764138
364012,0.0009696223880526979
364006,0.00018941296504352748
364312,0.0007292527021821963
364176,0.0005171844435743806
364321,0.6022586407018318
363914,0.24071791979970708
364163,0.1311800925534388
364150,0.4062334382779048
364148,0.07284701715540157
363868,0.0001223722083873171
363905,0.37720641101990005
364314,0.5925998158413165
364318,0.0005937754471335224
363866,0.1497078264857603
363863,0.113726151955887
364047,0.5523082532182904
364022,0.0016989125155410503
364165,0.00024126106046027054
364333,0.6891159388586637
364032,0.5916047640920697
364194,0.002012136656098121
364041,0.3309803102388604
364316,0.3308480673278943
364033,0.8579912765168262
364315,0.5782577348797818
364303,0.0012767484652235284
364320,0.7001568702743612
363862,0.0006891221251506858
364295,0.19947108111855574
364045,0.0003795423774598997
364044,0.506171720230698
364309,0.0005187136125074472
364135,0.01924686782574801
363886,0.30104146619544364
364109,0.01683513118653671
364020,0.3693978091776368
364332,0.669167632944041
364193,0.4341240028189049
364252,0.7163766664088606
364036,0.5762077454390765
358734,0.6240242800841266
358725,0.2840154612961969
358987,0.0008306770493548595
358847,0.017862441317884926
358975,0.0008604766436417705
358970,0.0004209721543285989
358981,0.5785333860992544
358717,0.10236023789446122
358726,0.0014884994750481312
358988,0.6693603576090557
358593,0.3349661239831378
358610,0.3631522778391539
358996,0.3708673804909421
358592,0.010331868665913891
358616,0.2927131454423148
358983,0.7001563984596507
358602,0.30658365474103455
358946,0.0002133566850168368
358984,0.733755702532913
358604,0.44406619232880357
358736,0.40014720819610444
358846,0.5571994699953213
358974,0.0013681257824479359
358721,0.35857787832268734
358569,0.14970505951539428
358833,0.38802073113991603
358808,5.033776384282075e-05
358968,0.20056688207821116
358605,0.574303444933737
358693,0.03136293882810763
358769,0.12968168093888285
358742,0.09488054634028664
358819,0.0002177628962094753
358989,0.3430160653671385
358960,0.0003141083250216448
358850,0.5545794590548272
358624,0.035296019895980295
358911,0.03061257704637037
358626,0.2693773945418853
358622,0.2610847969255554
358844,0.3652640310116411
358620,0.7494930304533064
358621,0.30120526437824086
358993,0.3840991778631123
358568,0.573689782849305
358708,0.1567677805682657
358836,0.0017175301273064652
358842,0.36696207668063285
358723,0.3440460758409965
359507,0.3691496243728362
359268,0.013919950470295862
359376,0.5845232984823858
359398,0.061559609779269324
359494,0.700157804773579
359272,0.25455411814224294
359499,0.6765251496398393
359477,0.6065051445588446
359382,0.3471578707276496
359370,0.5
359385,0.2840154638072588
359247,0.24164956414681096
359270,0.23490475716074696
359536,0.9228313993081994
359469,0.40438558776323946
359135,0.58408979587504
359481,0.0008581482214834045
359361,0.4167778038024036
359390,0.5482243532442714
359377,0.5089092041478293
359116,0.08070486542388787
359400,0.003463748775742509
359222,0.5717938146835438
359369,0.4417253341267542
359142,0.5721184949428944
359227,0.16908745160234495
359131,0.5891800309116472
359487,0.21669894340023557
359373,0.008421239739651046
359201,0.018759653595942248
359110,0.0009416367491691344
359255,0.4346702873770188
359141,0.5
359130,0.4178704680127433
359391,0.0008171759749707664
359113,0.32275270213523055
359384,0.9677490952717759
359143,0.3294244643158239
359134,0.3752509805536238
359498,0.7850542632632973
359495,0.6014671608241282
359084,0.4473437573739151
359339,0.000342786927979203
359220,0.12936182583746578
359491,0.5787686186053327
359389,0.013027950848831248
359468,0.0036234545690449122
359126,0.0012343560860291457
359244,0.3974263235815774
359269,0.7164891016564415
359253,0.00036392537658486775
359365,0.16368482938903758
360653,0.000817187772695846
360226,0.10658290395700992
360596,0.00033029104942452483
360591,0.5769380813091151
360282,0.008999241495610884
360655,0.0033537799862377884
360250,0.14069339814732912
360230,0.584040183561817
360254,0.1570629716611677
360567,0.5087283263127751
360271,0.6073701255445833
360577,0.5
360598,0.5993787511028726
360293,0.5565029631825418
360396,0.35536306548344115
360402,0.3652920115148033
360645,0.3361353785345777
360553,0.39658137746419014
360583,0.0008581377339972587
360588,0.2709615294389047
360391,0.08079534244454271
360601,0.685892836245955
360409,0.5545810721462563
360609,0.6655544368282924
360386,0.00010635413706252595
360521,0.0024008225195739073
360566,0.6042256428917441
360648,0.016424923804717474
360468,0.037664369471580667
360661,0.0757043486683987
360278,0.5806880320622029
360263,0.4346504900905936
360594,0.26408294925841863
360646,0.3594988809167704
360513,0.0006094161502711064
360575,0.15414104455779465
360652,0.3300890111477722
360400,0.6111842878929239
360590,0.5780667127598476
360281,0.18812940557157343
360597,0.7001595531191496
360406,0.00035595415138039955
360600,0.5755495905927662
360562,0.5
360563,0.5731398065155779
360286,0.30120943316169485
360492,0.13959217602713303
360251,0.22800768254231565
360232,0.5632225078184788
360287,0.28264471422744414
360393,0.02437615580204366
360589,0.24850669341243897
360593,0.0006163728021605632
360581,0.16855947214429254
360654,0.405809550183191
360534,0.12212129092220526
360395,0.1983298408687612
360269,0.6426419501764705
360582,0.01792884893775619
360294,0.26972364605053767
360264,0.5653421072038418
360730,0.13441491335153255
360649,0.5700202104647598
360572,0.0007234997352069543
360516,0.001231430704234176
360651,0.0011106479552448363
360292,0.4697810048056568
360225,0.004587151968260395
360249,0.00020340166206322643
360576,0.0017942189692839606
360559,0.0005545187655560852
360592,0.15928174176579088
360556,0.0866177499040207
361136,0.6524814161019349
361152,0.6314359198600791
360846,0.3856395808310399
361162,0.11966980280816068
361140,0.3304838888203644
361128,0.5857642402694555
361298,0.7001699205220063
361261,0.00027345177283680656
361312,0.40021778158754157
361262,0.0007359548857103488
361294,0.0005509046243949259
361147,0.0012367262761254808
360979,0.24169376817164243
361303,0.6863169471048798
360814,0.0009329260965305878
361008,0.5684343262890713
360998,0.0015756381372803306
361290,0.2445219040848954
361011,0.7892266866810134
361299,0.5825124637633855
360923,0.028242202598215325
361025,0.27279258547658836
361166,0.3810086987333388
360854,0.5546290104578774
360847,0.5639058229526012
361114,0.39593412883796747
360991,0.4346495869922145
360989,0.0003365799075999766
360985,0.12886097717811817
360990,0.00016966951222042306
361018,0.28892018592147395
361314,0.36011837293491905
361150,0.35876876289820336
361012,0.3177308885634509
361123,0.12270183393930965
360954,0.5739702614348515
361143,0.0006979360129103651
361146,0.569919397012614
360839,0.42693344595481414
361124,0.5535472437194651
360825,0.08057991828524427
361263,0.145652598269632
361291,0.5982319224871047
361117,0.00022634627636072726
361145,0.7640406292915711
360955,0.6526224438840157
361000,0.3871125096882797
360997,0.6427893637653154
360976,0.00021681215157672636
361285,0.21561601807260988
360843,0.6112756449103276
360855,0.2230201140132436
361296,0.6423622670662456
361024,0.5723193864168786
360833,0.2770772440241757
361278,0.0008284615076338034
360951,0.1154978732286728
361141,0.5
361015,0.0022041751148123507
361118,0.16764711495912188
361282,0.45580799923729776
361270,0.21976158913703997
361160,0.3317611944292572
360849,0.00040081624289593076
361295,0.34037032766878633
361292,0.5768463770833715
361137,0.3758944778209968
361144,0.3102257122913492
361313,0.3078733529117036
361690,0.2375793447667986
361707,0.4096844765031984
361865,0.7252055611519707
361574,0.33202103871599076
361459,0.03654471971131338
361436,0.013823836059060226
361692,0.0008758394189076276
361866,0.0003423075154546217
361837,0.20117494843253508
361698,0.29381739468786516
361826,0.00040512208649541684
361617,0.9299197750647821
361867,0.6474415179333346
361851,0.7409334996177273
361864,0.6568552103948422
361437,0.4637588066918111
361835,0.13450780215088423
361863,0.6808648164214223
361550,0.4009148948665196
361566,0.3477890701030826
361577,0.0010327273941305296
361857,0.5770157049340436
361581,0.0008172665094336595
361711,0.3752015370646372
361856,0.5983033146136445
361720,0.5448895805237528
361432,0.17332982604272862
361463,0.32853740789933583
361575,0.5586942979726034
361861,0.5921222691362055
361836,0.8112113832808312
361569,0.35881354946269467
361565,0.0007418196437761019
361570,0.5
361408,0.1251607668702586
361847,0.0008581344239361394
361860,0.7001770469132669
361431,0.1770992553395307
361778,0.014239815992612016
361442,0.642401510736543
361545,0.15850208857242296
361859,0.5
361721,0.0019293875535638704
361822,0.38405047448130486
361456,0.2516179368029149
361547,0.16850432877213986
361592,0.3317574138164071
361709,0.3512967319783333
361705,0.25238969311815396
361580,0.33032821410361174
361594,0.06809253233929405
361551,0.5
361552,0.5535560771233605
361827,0.0007662495517234547
361843,0.1029549897885404
361718,0.0004060416990941431
362479,0.5982992309543473
362298,0.26561433638070897
362225,0.41051531179464423
362478,0.26352855546406123
362450,0.0007652089740942892
362154,0.0016285133037880859
362586,0.5129663873298281
362461,0.9209964212387637
362208,0.23382566815021863
362003,0.5976389322499084
362287,0.00043856298316223715
362203,0.4036521049323155
362147,0.5101629452656039
362490,0.009882066054449442
362142,0.1971233653139964
362488,0.6675243916205822
362219,0.0005786254394193212
362233,0.0008171836686850457
362451,0.0973490490635862
362131,0.21044106696210585
362241,0.4120397568202048
362458,0.140100348110134
362101,0.0005592995952607507
361999,0.23672982069225998
362132,0.5535568463100407
362149,0.0007290683218473052
362296,0.5529302048736378
362483,0.6021977336117865
362481,0.0008251020946590681
362285,0.5287521850366302
362243,0.25596566878900195
362223,0.6465847883263057
362074,0.0173157262718711
362127,0.1685974504849763
362153,0.5699612315368824
362220,0.4346511499846495
361998,0.6025820004340376
362449,0.005081721757618316
362015,0.5638023433237835
362301,0.3589932497658449
362246,0.2745099498987465
361989,0.13718370103383673
361986,0.39350516544574177
362151,0.9756612118652911
362152,0.424332547017648
362468,0.9176254619602189
362175,0.3120444656039172
362171,0.0892607002736251
362472,0.5541931514385082
362136,0.2794544935770614
361996,0.3320924275933879
362486,0.5847727856476546
362470,0.000891457400945291
362247,0.035357422919188086
362480,0.5682129211261974
362144,0.36120632268223224
362176,0.5736934963019066
362273,0.2657465180141803
362125,0.1542078179309671
362230,0.3321351097361148
362155,0.01372413041619222
362002,0.3903941249170372
362207,0.8845648725083094
362005,0.0013339996631758322
363020,0.34160806971824104
363157,0.575225388473601
362929,0.0006374624477816782
363158,0.6667791754107095
362955,0.5568019984471644
362725,0.37466045719936114
362717,0.260513159191817
362918,0.2416626316660043
363168,0.48870082992491176
363034,0.3584253065113277
362869,0.5
362733,0.006529870970474428
363033,0.9137580917362914
363160,0.685892836245955
362855,0.48146906971180214
363149,0.7494664789889249
362930,0.5372413708750847
362858,0.5535930685319603
363146,0.37961291740700076
362872,0.0012047618657453122
363153,0.5638073911492115
362853,0.16718043922399115
363167,0.0003927422303748417
362701,0.3401610053887093
362934,0.2714393706499056
363155,0.6010406162456259
362953,0.0005249233098375756
363137,0.0002114029898013003
363129,0.2935239724690414
362800,0.01523484384559267
363038,0.626741990780548
363124,0.19539435429327845
363145,0.000858124682387531
362715,0.26534461809357496
362864,0.27276502562564625
363136,0.868024385065511
363143,0.8608694509616894
362736,0.0014183279774132294
362850,0.0002226240901391347
362941,0.0016368130386414563
362866,0.0007041681735743959
362851,0.25573875220384995
362727,0.5533788751790034
362723,0.5888660755022177
362734,0.5545955226310969
363128,0.003971744627175935
362735,0.2484579582442306
362860,0.00016523442881619823
363130,0.09627753811062957
363131,0.0824329008398945
363040,0.33610496166003284
362890,0.4319941402926241
362891,0.10489713923082444
363121,0.007760831248678556
362859,0.5
363102,0.11209751762563824
362914,0.002835920120957298
363039,0.08633801751440336
362926,0.43465082549411116
362848,0.15324165943219645
364983,0.3903552105295145
364780,0.03925675559664477
365001,0.6826720871531909
364470,0.5
365004,0.0003922220826111364
364976,0.7728813634002812
364464,0.3105640049591563
365009,0.5633373426878805
364778,0.566761010657952
364628,0.6027245268258303
364775,0.00038179399883783087
364748,0.2626860925957028
364722,0.20452636418423095
364964,0.2988426949717866
364478,0.0007253044432093142
364495,0.2916294580863326
364462,0.27281682902173204
364753,0.0003835988961873696
364693,0.000551052584927473
365073,0.040365311357785816
364454,0.511776919805183
364678,0.2338565750966859
365008,0.010674828530924205
364705,0.6572957510226479
364961,0.12100947206944503
364686,0.0007572970372063618
364926,0.7274850266692444
364699,0.4174773299735403
364963,0.3699592289794878
364977,0.00023984164006879492
364455,0.1847624828582824
364612,0.5
364633,0.568972415133684
364994,0.5888428584983217
364460,0.6470966792173689
364715,0.4346511499846495
364734,0.4345276316159542
364592,0.001325826913060989
364496,0.17584533938183944
364728,0.34109876576443454
364779,0.269415934902815
364721,0.5506144598183571
364703,0.0034523997424304597
364452,0.16861810145654477
364995,0.5891720078132698
364709,0.0032982485296953103
364468,0.00020154874734286095
364687,0.5868947429267509
364480,0.0013916039182303144
364639,0.4545611800891395
364670,0.00020344038413564096
364643,0.5688568218938559
364724,0.6425734517649611
364467,0.4572603056387781
364751,0.44622042662873684
364695,0.403381713223103
364898,0.007305066137468435
364485,0.6542027786234075
364718,0.0006576981936279826
364743,0.0075797848023949985
364739,0.6050119765068687
364667,0.26360088553428546
364488,0.000869697680176217
364447,0.2474652092292504
364669,0.0008619964943107089
364599,0.19541968969766235
364493,0.3584468219923412
364689,0.553408200797776
364479,0.0006778709021202116
364640,0.10325173422772342
364603,0.2676985108591392
364692,0.19796895678895354
364999,0.5535837188076591
364694,0.0003888251093915423
364631,0.9627554075228829
364458,0.5535901971419681
364776,0.23480183321894718
364993,0.028701657103973623
364767,0.04307445829066095
364698,0.5944066807007178
364472,0.000680276087476311
364788,0.08043238809427843
364673,0.22741697948121226
364626,0.8730364724364503
364986,0.864055292587109
