alert_key,date,cust_id,risk_rank,occupation_code,total_asset,AGE,trans_no1,trans_no2,trans_no3,trans_no4,trans_no5,trade_amount_usd
352342,365,7629f010080267f680a4ca9c6cac71c4d4d86933dcc7ed2f3625fde2c161e9de,1.0,17.0,506366.0,3.0,1.0,0.0,0.0,0.0,0.0,34831.0
352696,365,c6def618ad861703c025be4f41bdf7569310228ae93aeffc73088c520c79558d,1.0,2.0,444392.0,3.0,1.0,0.0,0.0,0.0,0.0,70077.0
352683,365,40fa92acb89d1ebb319f0f200d31a5fcbdfcbd8ad432d732a880545a69f2c5e8,3.0,17.0,2112.0,2.0,1.0,0.0,0.0,0.0,0.0,50073.0
352691,365,5c8203758d604e065e40f5192d41077acdb92b1121bd5358436411be10072351,3.0,12.0,848586.0,2.0,1.0,0.0,0.0,0.0,0.0,147978.0
352685,365,4dfeca8a959845f1ed0a40340b8c53525bb477c5c37a7068d6383515d211c881,1.0,10.0,409561.0,4.0,1.0,0.0,0.0,0.0,0.0,88639.0
352557,365,405115a569295213328a887110c5c5b705069402361a3057ba68f7159c097861,3.0,19.0,187325.0,6.0,1.0,0.0,0.0,0.0,0.0,71807.0
352344,365,33ff49ea8a07c6d1b7cc203dcc3638ebde62dfb960a1697c8e5a55dffefc1cb6,1.0,9.0,367478.0,3.0,1.0,0.0,0.0,0.0,0.0,36002.0
352298,365,fe0b3b09a3b8c5435d55a286ecd4fb416e96d3231abdf27c975bf8606a0b559c,3.0,12.0,2422.0,4.0,1.0,0.0,0.0,0.0,0.0,250264.0
352700,365,823fc5ce48cd827628ce0d1c574e6c3582cb772cf6173a9384df22d56bb72f0c,1.0,17.0,114439.0,2.0,1.0,0.0,0.0,0.0,0.0,70520.0
352343,365,51d9f1c083dfbba0c459d86f1aa8a2ae6c83f42e9b2a7a44955999a373160b23,1.0,12.0,106656.0,3.0,2.0,0.0,0.0,0.0,0.0,109197.0
352699,365,af44e752f63f8e447bc6fdac56d364a2f22eabbdbbefc4e3573905618f811eb8,1.0,15.0,242106.0,4.0,1.0,0.0,0.0,0.0,0.0,29334.0
352253,365,b212d14cb35676926682b2cf849e295d948888f556c07e854c4cdad9f32f5084,1.0,2.0,98177.0,2.0,1.0,0.0,0.0,0.0,0.0,48249.0
352497,365,54120a833a4e411f5e15fd3fbdf32e9cd66e000cd6f5ba24bc910ce5e3d46275,1.0,18.0,718481.0,3.0,1.0,0.0,0.0,0.0,0.0,35302.0
352337,365,ff483c74ef2977bfcf04be0a79363af72d1812aac9ce1fcdf671b4433218f6ad,2.0,17.0,41066.0,3.0,1.0,0.0,0.0,0.0,0.0,6520.0
352320,365,3513b38b20fd02573807e4a414ed7341e3bd0844fc525d5294adae63e5c61af2,3.0,19.0,567379.0,3.0,0.0,1.0,0.0,0.0,0.0,155183.0
352492,365,a62d70911e788d5fe609d2a7bb3ab800cb3c1ab4e923658fe066a9b3f225410a,3.0,1.0,2169802.0,2.0,1.0,0.0,0.0,0.0,0.0,120330.0
352488,365,c1fd75c8241202e9fbe747d44851dd5ba082b5e368b1b3b5f62a13f96e460b27,3.0,19.0,1415448.0,3.0,1.0,0.0,0.0,0.0,0.0,103050.0
352465,365,10a082d613a789acd3abc2648c84585e92e93d7fa20591c50a33899a9c03fe61,3.0,15.0,226357.0,5.0,1.0,0.0,0.0,0.0,0.0,29335.0
352684,365,85560737ffda7254ba16b71e4c5b519b85a51942ab02c69ca358f1d4d8f83acc,3.0,17.0,461707.0,3.0,1.0,0.0,0.0,0.0,0.0,83074.0
352302,365,9df84862272aa8b1d36b2c9574aedf16b03c1737e136b923095c373bcce2328d,1.0,17.0,173255.0,4.0,1.0,0.0,0.0,0.0,0.0,88055.0
352871,365,bdda3ef79c5f052fd281c9f28f50a25977444eceaf9751e4595fcb6099a48ea0,3.0,19.0,2390889.0,4.0,1.0,0.0,0.0,0.0,0.0,12708.0
352508,365,63e2e1fa88378fa90d85547fe108eeee5045ba3252911f145a351b7b7661e3ea,1.0,12.0,59830.0,3.0,1.0,0.0,0.0,0.0,0.0,3451.0
352305,365,870252ba9d2d6cb4433ce4718b80b2e69cf73adcc7e92657e8383e2f281cc13c,3.0,12.0,876408.0,3.0,1.0,0.0,0.0,0.0,0.0,64845.0
352865,365,20198b84c0b319c0e9e16ed178194e0c7ebed40e4b8fabfcd7687f178e684d23,3.0,9.0,2144675.0,4.0,1.0,0.0,0.0,0.0,0.0,211512.0
357699,370,a62d70911e788d5fe609d2a7bb3ab800cb3c1ab4e923658fe066a9b3f225410a,3.0,1.0,2169802.0,2.0,1.0,0.0,0.0,0.0,0.0,120079.0
357510,370,823fc5ce48cd827628ce0d1c574e6c3582cb772cf6173a9384df22d56bb72f0c,1.0,17.0,114439.0,2.0,1.0,0.0,0.0,0.0,0.0,70349.0
357656,370,10a082d613a789acd3abc2648c84585e92e93d7fa20591c50a33899a9c03fe61,3.0,15.0,226357.0,5.0,1.0,0.0,0.0,0.0,0.0,28811.0
357320,370,47a8c256c1df3f3560a69d3b91225cb78a52faf554854f63c79759d5f5cb27bb,1.0,19.0,244739.0,5.0,1.0,0.0,0.0,0.0,0.0,35624.0
357275,370,fe0b3b09a3b8c5435d55a286ecd4fb416e96d3231abdf27c975bf8606a0b559c,3.0,12.0,2422.0,4.0,1.0,0.0,0.0,0.0,0.0,250245.0
357706,370,7f69fa9eab8f397d367e2bb61ee1fa008999a0aab91e061e8f4bfe25fb35807d,3.0,12.0,2285386.0,3.0,1.0,0.0,0.0,0.0,0.0,12383.0
357493,370,115320f452f39ac84f789530964e49f241d4cb2a3d90c870f1e7955b5a1572d5,1.0,19.0,153711.0,2.0,1.0,0.0,0.0,0.0,0.0,17996.0
357341,370,ff483c74ef2977bfcf04be0a79363af72d1812aac9ce1fcdf671b4433218f6ad,2.0,17.0,41066.0,3.0,1.0,0.0,0.0,0.0,0.0,9787.0
357887,370,c1122b414958c98c43f3879e543dae4b4cd0374cdf8f2e1fa6ebcdc247cbcfe0,1.0,18.0,341725.0,3.0,1.0,0.0,0.0,0.0,0.0,36942.0
357506,370,c6def618ad861703c025be4f41bdf7569310228ae93aeffc73088c520c79558d,1.0,2.0,444392.0,3.0,1.0,0.0,0.0,0.0,0.0,70141.0
357509,370,af44e752f63f8e447bc6fdac56d364a2f22eabbdbbefc4e3573905618f811eb8,1.0,15.0,242106.0,4.0,1.0,0.0,0.0,0.0,0.0,28525.0
357671,370,76de39a510df17444d09a2e18c3330aeb629c6b00b5f198911d96d3831e82328,3.0,18.0,1770992.0,3.0,1.0,0.0,0.0,0.0,0.0,89048.0
357527,370,987fa9033f6d7d6750dac714e178516755e75bd87dcedaee5dea1d08386a7104,1.0,18.0,272935.0,2.0,1.0,0.0,0.0,0.0,0.0,30547.0
357222,370,b212d14cb35676926682b2cf849e295d948888f556c07e854c4cdad9f32f5084,1.0,2.0,98177.0,2.0,1.0,0.0,0.0,0.0,0.0,48133.0
357347,370,33ff49ea8a07c6d1b7cc203dcc3638ebde62dfb960a1697c8e5a55dffefc1cb6,1.0,9.0,367478.0,3.0,1.0,0.0,0.0,0.0,0.0,35914.0
357466,370,9f9129c2a9e1158e3ebe50f9ed59970c0524650a05959b6388c7b0ff8e617233,2.0,9.0,104330.0,4.0,1.0,0.0,0.0,0.0,0.0,1122.0
357278,370,9df84862272aa8b1d36b2c9574aedf16b03c1737e136b923095c373bcce2328d,3.0,17.0,173255.0,4.0,1.0,0.0,0.0,0.0,0.0,89269.0
357314,370,22e83e32b37bce957b29fb490584617829d437c1603fc0363f6f65c48382a388,3.0,19.0,56783.0,2.0,1.0,0.0,0.0,0.0,0.0,42875.0
357852,370,5da5ec815c6888e6a5aa7301f71aaa61b4d28a8962b9654d64e0050e5b05ca79,3.0,15.0,247836.0,5.0,1.0,0.0,0.0,0.0,0.0,35894.0
357888,370,8eaa3e3a1678efd0f863921c0989d0220b7d08c5876290344d682ca926b9932e,3.0,12.0,1716918.0,3.0,1.0,0.0,0.0,0.0,0.0,89013.0
357904,370,eddfc6bc7e209e2a40808c3fb07e08b3ee0a199e0a8552e3dc4952b414332d4b,3.0,19.0,334295.0,2.0,1.0,0.0,0.0,0.0,0.0,103269.0
357497,370,5c8203758d604e065e40f5192d41077acdb92b1121bd5358436411be10072351,3.0,12.0,848586.0,2.0,1.0,0.0,0.0,0.0,0.0,165329.0
357490,370,4dfeca8a959845f1ed0a40340b8c53525bb477c5c37a7068d6383515d211c881,1.0,10.0,409561.0,4.0,1.0,0.0,0.0,0.0,0.0,88627.0
357488,370,85560737ffda7254ba16b71e4c5b519b85a51942ab02c69ca358f1d4d8f83acc,3.0,17.0,461707.0,3.0,1.0,0.0,0.0,0.0,0.0,122956.0
357695,370,c1fd75c8241202e9fbe747d44851dd5ba082b5e368b1b3b5f62a13f96e460b27,3.0,19.0,1415448.0,3.0,1.0,0.0,0.0,0.0,0.0,81540.0
357850,370,ad4d0b59572d0db14cb2f1defa6df9451be0e0c467d26878f67dac90958fd183,3.0,17.0,1241401.0,5.0,0.0,0.0,0.0,0.0,1.0,6258.0
357702,370,54120a833a4e411f5e15fd3fbdf32e9cd66e000cd6f5ba24bc910ce5e3d46275,1.0,18.0,718481.0,3.0,1.0,0.0,0.0,0.0,0.0,35242.0
357302,370,3513b38b20fd02573807e4a414ed7341e3bd0844fc525d5294adae63e5c61af2,3.0,19.0,567379.0,3.0,0.0,1.0,0.0,0.0,0.0,124146.0
353376,371,76de39a510df17444d09a2e18c3330aeb629c6b00b5f198911d96d3831e82328,1.0,18.0,1770992.0,3.0,1.0,0.0,0.0,0.0,0.0,69045.0
353578,371,c6def618ad861703c025be4f41bdf7569310228ae93aeffc73088c520c79558d,1.0,2.0,444392.0,3.0,1.0,0.0,0.0,0.0,0.0,70212.0
353083,371,51d9f1c083dfbba0c459d86f1aa8a2ae6c83f42e9b2a7a44955999a373160b23,1.0,12.0,106656.0,3.0,1.0,0.0,0.0,0.0,0.0,54399.0
353227,371,c1122b414958c98c43f3879e543dae4b4cd0374cdf8f2e1fa6ebcdc247cbcfe0,1.0,18.0,341725.0,3.0,1.0,0.0,0.0,0.0,0.0,36841.0
353080,371,196d8720ded07e7f8f7f457ce45cb712bcecb86084bebcc1696d4356c1451b63,3.0,12.0,612138.0,2.0,1.0,0.0,0.0,0.0,0.0,10622.0
353396,371,c1fd75c8241202e9fbe747d44851dd5ba082b5e368b1b3b5f62a13f96e460b27,3.0,19.0,1415448.0,3.0,2.0,0.0,0.0,0.0,0.0,246667.0
353041,371,fe0b3b09a3b8c5435d55a286ecd4fb416e96d3231abdf27c975bf8606a0b559c,3.0,12.0,2422.0,4.0,1.0,0.0,0.0,0.0,0.0,234136.0
353407,371,54120a833a4e411f5e15fd3fbdf32e9cd66e000cd6f5ba24bc910ce5e3d46275,1.0,18.0,718481.0,3.0,1.0,0.0,0.0,0.0,0.0,35307.0
353043,371,9df84862272aa8b1d36b2c9574aedf16b03c1737e136b923095c373bcce2328d,1.0,17.0,173255.0,4.0,1.0,0.0,0.0,0.0,0.0,88991.0
353582,371,823fc5ce48cd827628ce0d1c574e6c3582cb772cf6173a9384df22d56bb72f0c,1.0,17.0,114439.0,2.0,1.0,0.0,0.0,0.0,0.0,70154.0
353172,371,e708c14646ea9dec8cbd1dafc15a9a04ceb6da60975b4f96fed555a11f17b427,1.0,17.0,1546.0,7.0,0.0,0.0,0.0,0.0,1.0,423659.0
353366,371,10a082d613a789acd3abc2648c84585e92e93d7fa20591c50a33899a9c03fe61,3.0,15.0,226357.0,5.0,1.0,0.0,0.0,0.0,0.0,28287.0
354428,372,8d2f9642b5caf21cff8b976485b8f964f6b7dac3150964e72f25c29baebbfa91,1.0,9.0,22455.0,3.0,1.0,0.0,0.0,0.0,0.0,71139.0
354044,372,a62d70911e788d5fe609d2a7bb3ab800cb3c1ab4e923658fe066a9b3f225410a,3.0,1.0,2169802.0,2.0,1.0,0.0,0.0,0.0,0.0,119457.0
354235,372,be7d3c28b1cfcb04e646520dfebdedf1beaf32b89d7d649b1a19784143bedff4,1.0,4.0,227418.0,2.0,1.0,0.0,0.0,0.0,0.0,32449.0
354431,372,4dfeca8a959845f1ed0a40340b8c53525bb477c5c37a7068d6383515d211c881,1.0,10.0,409561.0,4.0,1.0,0.0,0.0,0.0,0.0,88313.0
354430,372,85560737ffda7254ba16b71e4c5b519b85a51942ab02c69ca358f1d4d8f83acc,3.0,17.0,461707.0,3.0,1.0,0.0,0.0,0.0,0.0,117660.0
354024,372,76de39a510df17444d09a2e18c3330aeb629c6b00b5f198911d96d3831e82328,3.0,18.0,1770992.0,3.0,1.0,0.0,0.0,0.0,0.0,95062.0
354039,372,c1fd75c8241202e9fbe747d44851dd5ba082b5e368b1b3b5f62a13f96e460b27,3.0,19.0,1415448.0,3.0,2.0,0.0,0.0,0.0,0.0,258297.0
354435,372,115320f452f39ac84f789530964e49f241d4cb2a3d90c870f1e7955b5a1572d5,1.0,19.0,153711.0,2.0,1.0,0.0,0.0,0.0,0.0,17917.0
354177,372,b212d14cb35676926682b2cf849e295d948888f556c07e854c4cdad9f32f5084,1.0,2.0,98177.0,2.0,1.0,0.0,0.0,0.0,0.0,48180.0
353855,372,22f043b4f96fe1b44b628491d2707242b02d9dd48006612bdd2823764b9911f4,3.0,12.0,918230.0,2.0,1.0,0.0,0.0,0.0,0.0,88216.0
354470,372,987fa9033f6d7d6750dac714e178516755e75bd87dcedaee5dea1d08386a7104,1.0,18.0,272935.0,2.0,1.0,0.0,0.0,0.0,0.0,30547.0
354226,372,9df84862272aa8b1d36b2c9574aedf16b03c1737e136b923095c373bcce2328d,3.0,17.0,173255.0,4.0,1.0,0.0,0.0,0.0,0.0,123298.0
353848,372,496705d17253600f1cd4b9f71ac91c941df9eda28af40f3331685018974a5d23,1.0,17.0,123577.0,5.0,0.0,0.0,0.0,0.0,2.0,91078.0
354453,372,7ea8d681ee9394e27e6064d23d0918ae9b67d1b21dbae9744ed66ef8c8a526fb,3.0,19.0,29734.0,2.0,1.0,0.0,0.0,0.0,0.0,62696.0
353865,372,c1122b414958c98c43f3879e543dae4b4cd0374cdf8f2e1fa6ebcdc247cbcfe0,1.0,18.0,341725.0,3.0,1.0,0.0,0.0,0.0,0.0,36835.0
354245,372,3513b38b20fd02573807e4a414ed7341e3bd0844fc525d5294adae63e5c61af2,3.0,19.0,567379.0,3.0,0.0,1.0,0.0,0.0,0.0,206911.0
354447,372,af44e752f63f8e447bc6fdac56d364a2f22eabbdbbefc4e3573905618f811eb8,1.0,15.0,242106.0,4.0,1.0,0.0,0.0,0.0,0.0,28465.0
354223,372,fe0b3b09a3b8c5435d55a286ecd4fb416e96d3231abdf27c975bf8606a0b559c,3.0,12.0,2422.0,4.0,1.0,0.0,0.0,0.0,0.0,249750.0
354261,372,51d9f1c083dfbba0c459d86f1aa8a2ae6c83f42e9b2a7a44955999a373160b23,3.0,12.0,106656.0,3.0,1.0,0.0,0.0,0.0,0.0,54211.0
354045,372,54120a833a4e411f5e15fd3fbdf32e9cd66e000cd6f5ba24bc910ce5e3d46275,1.0,18.0,718481.0,3.0,1.0,0.0,0.0,0.0,0.0,39357.0
354449,372,823fc5ce48cd827628ce0d1c574e6c3582cb772cf6173a9384df22d56bb72f0c,1.0,17.0,114439.0,2.0,1.0,0.0,0.0,0.0,0.0,69984.0
354258,372,ff483c74ef2977bfcf04be0a79363af72d1812aac9ce1fcdf671b4433218f6ad,2.0,17.0,41066.0,3.0,1.0,0.0,0.0,0.0,0.0,9779.0
354260,372,7629f010080267f680a4ca9c6cac71c4d4d86933dcc7ed2f3625fde2c161e9de,1.0,17.0,506366.0,3.0,1.0,0.0,0.0,0.0,0.0,52263.0
353860,372,4974cd07394c019c0dc9ba01e949ac581e65e5aa74e4392dece7e8a1f292e6e3,1.0,17.0,264699.0,3.0,1.0,0.0,0.0,0.0,0.0,32378.0
354413,372,c4f6b8c4bfedd53d1157e24c5d93eab33881648e8757502c4044e750f8217a1b,2.0,11.0,684030.0,4.0,0.0,0.0,0.0,0.0,1.0,10097.0
354049,372,7f69fa9eab8f397d367e2bb61ee1fa008999a0aab91e061e8f4bfe25fb35807d,3.0,12.0,2285386.0,3.0,1.0,0.0,0.0,0.0,0.0,5262.0
354263,372,33ff49ea8a07c6d1b7cc203dcc3638ebde62dfb960a1697c8e5a55dffefc1cb6,1.0,9.0,367478.0,3.0,1.0,0.0,0.0,0.0,0.0,35741.0
354229,372,870252ba9d2d6cb4433ce4718b80b2e69cf73adcc7e92657e8383e2f281cc13c,3.0,12.0,876408.0,3.0,1.0,0.0,0.0,0.0,0.0,254686.0
354443,372,c6def618ad861703c025be4f41bdf7569310228ae93aeffc73088c520c79558d,1.0,2.0,444392.0,3.0,1.0,0.0,0.0,0.0,0.0,70158.0
354013,372,10a082d613a789acd3abc2648c84585e92e93d7fa20591c50a33899a9c03fe61,3.0,15.0,226357.0,5.0,1.0,0.0,0.0,0.0,0.0,28287.0
355193,375,c6def618ad861703c025be4f41bdf7569310228ae93aeffc73088c520c79558d,1.0,2.0,444392.0,3.0,1.0,0.0,0.0,0.0,0.0,52434.0
354958,375,c1fd75c8241202e9fbe747d44851dd5ba082b5e368b1b3b5f62a13f96e460b27,3.0,19.0,1415448.0,3.0,1.0,0.0,0.0,0.0,0.0,203239.0
354928,375,10a082d613a789acd3abc2648c84585e92e93d7fa20591c50a33899a9c03fe61,3.0,15.0,226357.0,5.0,1.0,0.0,0.0,0.0,0.0,28287.0
354642,375,3513b38b20fd02573807e4a414ed7341e3bd0844fc525d5294adae63e5c61af2,3.0,19.0,567379.0,3.0,0.0,1.0,0.0,0.0,0.0,103455.0
354966,375,a62d70911e788d5fe609d2a7bb3ab800cb3c1ab4e923658fe066a9b3f225410a,3.0,1.0,2169802.0,2.0,1.0,0.0,0.0,0.0,0.0,118758.0
354670,375,33ff49ea8a07c6d1b7cc203dcc3638ebde62dfb960a1697c8e5a55dffefc1cb6,1.0,9.0,367478.0,3.0,1.0,0.0,0.0,0.0,0.0,35544.0
354662,375,ff483c74ef2977bfcf04be0a79363af72d1812aac9ce1fcdf671b4433218f6ad,2.0,17.0,41066.0,3.0,1.0,0.0,0.0,0.0,0.0,6507.0
355203,375,7ea8d681ee9394e27e6064d23d0918ae9b67d1b21dbae9744ed66ef8c8a526fb,3.0,19.0,29734.0,2.0,0.0,0.0,0.0,0.0,1.0,496698.0
355152,375,e602d984ea6eb7a345990e4cdf8755787af058604fc4f8c14bff40497f78fd76,3.0,19.0,1457386.0,5.0,1.0,0.0,0.0,0.0,0.0,51722.0
354629,375,be7d3c28b1cfcb04e646520dfebdedf1beaf32b89d7d649b1a19784143bedff4,1.0,4.0,227418.0,2.0,1.0,0.0,0.0,0.0,0.0,44900.0
354944,375,76de39a510df17444d09a2e18c3330aeb629c6b00b5f198911d96d3831e82328,3.0,18.0,1770992.0,3.0,1.0,0.0,0.0,0.0,0.0,68044.0
355221,375,cc73fc47d39a47f49ebc28cc7fcd1c3203232bb2af57c84bc80f1f2ab18552ba,3.0,13.0,310119.0,3.0,1.0,0.0,0.0,0.0,0.0,111221.0
354967,375,b4e15e70858840ec2a5eab6ac3c633acc95260acb9a50976d4f923777dd95628,3.0,14.0,80174.0,4.0,1.0,0.0,0.0,0.0,0.0,2743.0
355181,375,4dfeca8a959845f1ed0a40340b8c53525bb477c5c37a7068d6383515d211c881,1.0,10.0,409561.0,4.0,1.0,0.0,0.0,0.0,0.0,86714.0
354668,375,51d9f1c083dfbba0c459d86f1aa8a2ae6c83f42e9b2a7a44955999a373160b23,3.0,12.0,106656.0,3.0,1.0,0.0,0.0,0.0,0.0,53987.0
355198,375,823fc5ce48cd827628ce0d1c574e6c3582cb772cf6173a9384df22d56bb72f0c,1.0,17.0,114439.0,2.0,1.0,0.0,0.0,0.0,0.0,69599.0
354675,375,234ab175df0d1ca4b021ee63c8da965e526eaeecba99658d6fb31121414ee5c6,3.0,9.0,24016.0,3.0,1.0,0.0,0.0,0.0,0.0,105563.0
355168,375,b6e5408b20f664c7e4640285f79c09d34146ca317264625433f6231904865820,3.0,9.0,5276533.0,5.0,1.0,0.0,0.0,0.0,0.0,50635.0
354565,375,9e5bc096317c8b6417c48800be0999238c7f7c4c088ebbc30f21d655069bf95e,3.0,3.0,123794.0,4.0,1.0,0.0,0.0,0.0,0.0,15613.0
354606,375,668686d0bfe423f864b883f44a33a5b45052dd6e4451bde6b32204c2def6177f,3.0,18.0,8025.0,4.0,1.0,0.0,0.0,0.0,0.0,105131.0
354573,375,7d3f438c40a239aae54ae069274caa987d2528fb0879b5dbbe93120e89e3ab10,2.0,13.0,16306.0,3.0,0.0,0.0,0.0,0.0,1.0,4733.0
355196,375,af44e752f63f8e447bc6fdac56d364a2f22eabbdbbefc4e3573905618f811eb8,1.0,15.0,242106.0,4.0,1.0,0.0,0.0,0.0,0.0,28465.0
355188,375,5c8203758d604e065e40f5192d41077acdb92b1121bd5358436411be10072351,3.0,12.0,848586.0,2.0,1.0,0.0,0.0,0.0,0.0,153162.0
354619,375,870252ba9d2d6cb4433ce4718b80b2e69cf73adcc7e92657e8383e2f281cc13c,3.0,12.0,876408.0,3.0,1.0,0.0,0.0,0.0,0.0,245114.0
354826,375,c1122b414958c98c43f3879e543dae4b4cd0374cdf8f2e1fa6ebcdc247cbcfe0,1.0,18.0,341725.0,3.0,1.0,0.0,0.0,0.0,0.0,36826.0
354618,375,c593e49a4689b589eea2209c26a1fcdea5ab4f7933809532c6e842cf19e4159c,3.0,19.0,417504.0,4.0,1.0,0.0,0.0,0.0,0.0,144953.0
354667,375,7629f010080267f680a4ca9c6cac71c4d4d86933dcc7ed2f3625fde2c161e9de,1.0,18.0,506366.0,3.0,1.0,0.0,0.0,0.0,0.0,52266.0
355178,375,85560737ffda7254ba16b71e4c5b519b85a51942ab02c69ca358f1d4d8f83acc,3.0,17.0,461707.0,3.0,1.0,0.0,0.0,0.0,0.0,79458.0
354814,375,7c37f3bf824a79d44aec8a7576691dc98c58e8bbc453b5c3e4a2c809b8e1b46a,1.0,12.0,331966.0,2.0,1.0,0.0,0.0,0.0,0.0,68238.0
354673,375,ba9dc8d7ae712aeb31b7985d7d44d10a8c7bf35c87430c568e39bdc1b53d0de3,1.0,19.0,149313.0,2.0,1.0,0.0,0.0,0.0,0.0,8966.0
354613,375,9df84862272aa8b1d36b2c9574aedf16b03c1737e136b923095c373bcce2328d,3.0,17.0,173255.0,4.0,1.0,0.0,0.0,0.0,0.0,88299.0
354968,375,54120a833a4e411f5e15fd3fbdf32e9cd66e000cd6f5ba24bc910ce5e3d46275,1.0,18.0,718481.0,3.0,1.0,0.0,0.0,0.0,0.0,35211.0
354569,375,b212d14cb35676926682b2cf849e295d948888f556c07e854c4cdad9f32f5084,1.0,2.0,98177.0,2.0,1.0,0.0,0.0,0.0,0.0,48181.0
354819,375,bdda3ef79c5f052fd281c9f28f50a25977444eceaf9751e4595fcb6099a48ea0,3.0,19.0,2390889.0,4.0,1.0,0.0,0.0,0.0,0.0,12682.0
354612,375,fe0b3b09a3b8c5435d55a286ecd4fb416e96d3231abdf27c975bf8606a0b559c,3.0,12.0,2422.0,4.0,1.0,0.0,0.0,0.0,0.0,199613.0
355222,375,987fa9033f6d7d6750dac714e178516755e75bd87dcedaee5dea1d08386a7104,1.0,18.0,272935.0,2.0,1.0,0.0,0.0,0.0,0.0,30547.0
354604,375,f8c4956534fed5eac9c0389fc5448b9ebe36ed54ae879e95b95f6bc6c0bff764,3.0,19.0,33760.0,3.0,1.0,0.0,0.0,0.0,0.0,160852.0
355813,376,7ea8d681ee9394e27e6064d23d0918ae9b67d1b21dbae9744ed66ef8c8a526fb,3.0,19.0,29734.0,2.0,0.0,0.0,0.0,0.0,1.0,500945.0
355808,376,af44e752f63f8e447bc6fdac56d364a2f22eabbdbbefc4e3573905618f811eb8,1.0,15.0,242106.0,4.0,1.0,0.0,0.0,0.0,0.0,28518.0
355791,376,40fa92acb89d1ebb319f0f200d31a5fcbdfcbd8ad432d732a880545a69f2c5e8,3.0,17.0,2112.0,2.0,2.0,0.0,0.0,0.0,0.0,100265.0
355806,376,c6def618ad861703c025be4f41bdf7569310228ae93aeffc73088c520c79558d,1.0,2.0,444392.0,3.0,1.0,0.0,0.0,0.0,0.0,23265.0
355373,376,fe0b3b09a3b8c5435d55a286ecd4fb416e96d3231abdf27c975bf8606a0b559c,3.0,12.0,2422.0,4.0,1.0,0.0,0.0,0.0,0.0,250327.0
355561,376,7f69fa9eab8f397d367e2bb61ee1fa008999a0aab91e061e8f4bfe25fb35807d,3.0,12.0,2285386.0,3.0,1.0,0.0,0.0,0.0,0.0,2527.0
355770,376,c1122b414958c98c43f3879e543dae4b4cd0374cdf8f2e1fa6ebcdc247cbcfe0,1.0,18.0,341725.0,3.0,1.0,0.0,0.0,0.0,0.0,36874.0
355558,376,d965728f86144f30286f2eb7bcfe51d5cb2bc9c228accbdbc858136d710676a3,1.0,17.0,993823.0,4.0,1.0,0.0,0.0,0.0,0.0,51664.0
355795,376,279922d10aeb65f598b19a339619f9dfa126e39a0a93f35901886f0ecd325b52,1.0,19.0,5112.0,3.0,1.0,0.0,0.0,0.0,0.0,215519.0
355673,376,16fbc659bf1f2d26998be3a44b843c842cb9a753a229b4dd671bc55ddae89ffd,1.0,19.0,47353.0,6.0,1.0,0.0,0.0,0.0,0.0,34742.0
355559,376,54120a833a4e411f5e15fd3fbdf32e9cd66e000cd6f5ba24bc910ce5e3d46275,1.0,18.0,718481.0,3.0,1.0,0.0,0.0,0.0,0.0,35082.0
355429,376,33ff49ea8a07c6d1b7cc203dcc3638ebde62dfb960a1697c8e5a55dffefc1cb6,1.0,9.0,367478.0,3.0,1.0,0.0,0.0,0.0,0.0,34596.0
355521,376,10a082d613a789acd3abc2648c84585e92e93d7fa20591c50a33899a9c03fe61,3.0,15.0,226357.0,5.0,1.0,0.0,0.0,0.0,0.0,28287.0
355532,376,76de39a510df17444d09a2e18c3330aeb629c6b00b5f198911d96d3831e82328,3.0,18.0,1770992.0,3.0,1.0,0.0,0.0,0.0,0.0,68044.0
355379,376,c593e49a4689b589eea2209c26a1fcdea5ab4f7933809532c6e842cf19e4159c,3.0,19.0,417504.0,4.0,1.0,0.0,0.0,0.0,0.0,144953.0
355761,376,7c37f3bf824a79d44aec8a7576691dc98c58e8bbc453b5c3e4a2c809b8e1b46a,1.0,12.0,331966.0,2.0,1.0,0.0,0.0,0.0,0.0,34884.0
355389,376,be7d3c28b1cfcb04e646520dfebdedf1beaf32b89d7d649b1a19784143bedff4,1.0,4.0,227418.0,2.0,1.0,0.0,0.0,0.0,0.0,46452.0
355555,376,a62d70911e788d5fe609d2a7bb3ab800cb3c1ab4e923658fe066a9b3f225410a,3.0,1.0,2169802.0,2.0,1.0,0.0,0.0,0.0,0.0,132580.0
355667,376,5742b1dcfccc74572ee956591728bab60f3a931e3beb4ac17a3287c0ae2952ce,1.0,2.0,117776.0,5.0,1.0,0.0,0.0,0.0,0.0,34987.0
355431,376,234ab175df0d1ca4b021ee63c8da965e526eaeecba99658d6fb31121414ee5c6,3.0,9.0,24016.0,3.0,1.0,0.0,0.0,0.0,0.0,246405.0
355548,376,c1fd75c8241202e9fbe747d44851dd5ba082b5e368b1b3b5f62a13f96e460b27,3.0,19.0,1415448.0,3.0,1.0,0.0,0.0,0.0,0.0,158083.0
355792,376,85560737ffda7254ba16b71e4c5b519b85a51942ab02c69ca358f1d4d8f83acc,3.0,17.0,461707.0,3.0,1.0,0.0,0.0,0.0,0.0,56280.0
355380,376,870252ba9d2d6cb4433ce4718b80b2e69cf73adcc7e92657e8383e2f281cc13c,3.0,12.0,876408.0,3.0,1.0,0.0,0.0,0.0,0.0,228975.0
355827,376,987fa9033f6d7d6750dac714e178516755e75bd87dcedaee5dea1d08386a7104,1.0,18.0,272935.0,2.0,1.0,0.0,0.0,0.0,0.0,30547.0
355347,376,b212d14cb35676926682b2cf849e295d948888f556c07e854c4cdad9f32f5084,1.0,2.0,98177.0,2.0,1.0,0.0,0.0,0.0,0.0,48247.0
355417,376,47a8c256c1df3f3560a69d3b91225cb78a52faf554854f63c79759d5f5cb27bb,1.0,19.0,244739.0,5.0,1.0,0.0,0.0,0.0,0.0,34075.0
355794,376,4dfeca8a959845f1ed0a40340b8c53525bb477c5c37a7068d6383515d211c881,1.0,10.0,409561.0,4.0,1.0,0.0,0.0,0.0,0.0,86653.0
355566,376,e21cf7d87b2ed8a622fc4dc8f155bb8ee9efaaafae9181fa30bcff63c4c24840,3.0,15.0,16.0,3.0,0.0,1.0,0.0,0.0,0.0,98712.0
355729,376,5da5ec815c6888e6a5aa7301f71aaa61b4d28a8962b9654d64e0050e5b05ca79,3.0,15.0,247836.0,5.0,1.0,0.0,0.0,0.0,0.0,56785.0
355403,376,c90197eb61812d8b41228fa0d602f9d5062b10f4c18feca4e32d28dd6e16d4b5,1.0,15.0,246664.0,3.0,1.0,0.0,0.0,0.0,0.0,81083.0
355402,376,3513b38b20fd02573807e4a414ed7341e3bd0844fc525d5294adae63e5c61af2,3.0,19.0,567379.0,3.0,0.0,1.0,0.0,0.0,0.0,160356.0
355800,376,5c8203758d604e065e40f5192d41077acdb92b1121bd5358436411be10072351,3.0,12.0,848586.0,2.0,1.0,0.0,0.0,0.0,0.0,76581.0
355428,376,7629f010080267f680a4ca9c6cac71c4d4d86933dcc7ed2f3625fde2c161e9de,1.0,18.0,506366.0,3.0,1.0,0.0,0.0,0.0,0.0,51021.0
355458,376,b534b7634b8cebeca7bae4f2f4c161337b55676bf7999109119e0d0d1ec99747,2.0,9.0,96727.0,4.0,0.0,0.0,0.0,0.0,1.0,14703.0
355810,376,823fc5ce48cd827628ce0d1c574e6c3582cb772cf6173a9384df22d56bb72f0c,1.0,17.0,114439.0,2.0,1.0,0.0,0.0,0.0,0.0,69360.0
355376,376,9df84862272aa8b1d36b2c9574aedf16b03c1737e136b923095c373bcce2328d,3.0,17.0,173255.0,4.0,1.0,0.0,0.0,0.0,0.0,105524.0
355436,376,36f3436be0c1ec9b70703028c602781eb7e27060f85a5ce18849c7ae03878fe3,3.0,5.0,0.0,2.0,1.0,0.0,0.0,0.0,0.0,106322.0
359633,377,5dbfbc6b57567e2c945b0cb92c4e14be4211415f8e1d64527298a960c3fbe318,1.0,19.0,850.0,4.0,1.0,0.0,0.0,0.0,0.0,61425.0
359854,377,54120a833a4e411f5e15fd3fbdf32e9cd66e000cd6f5ba24bc910ce5e3d46275,1.0,18.0,718481.0,3.0,1.0,0.0,0.0,0.0,0.0,27898.0
359681,377,36f3436be0c1ec9b70703028c602781eb7e27060f85a5ce18849c7ae03878fe3,3.0,5.0,0.0,2.0,1.0,0.0,0.0,0.0,0.0,106274.0
359860,377,e21cf7d87b2ed8a622fc4dc8f155bb8ee9efaaafae9181fa30bcff63c4c24840,3.0,15.0,16.0,3.0,0.0,1.0,0.0,0.0,0.0,7051.0
359648,377,be7d3c28b1cfcb04e646520dfebdedf1beaf32b89d7d649b1a19784143bedff4,1.0,4.0,227418.0,2.0,1.0,0.0,0.0,0.0,0.0,47067.0
359777,377,22f043b4f96fe1b44b628491d2707242b02d9dd48006612bdd2823764b9911f4,3.0,12.0,918230.0,2.0,1.0,0.0,0.0,0.0,0.0,126747.0
360075,377,823fc5ce48cd827628ce0d1c574e6c3582cb772cf6173a9384df22d56bb72f0c,1.0,17.0,114439.0,2.0,1.0,0.0,0.0,0.0,0.0,69622.0
359837,377,76de39a510df17444d09a2e18c3330aeb629c6b00b5f198911d96d3831e82328,3.0,18.0,1770992.0,3.0,1.0,0.0,0.0,0.0,0.0,68044.0
359831,377,3f96a5b349ebc2283085796d4e1f12d263a20dc545bc563d9c1a8323d9c45427,1.0,3.0,45914.0,4.0,1.0,0.0,0.0,0.0,0.0,35682.0
360029,377,5742b1dcfccc74572ee956591728bab60f3a931e3beb4ac17a3287c0ae2952ce,1.0,2.0,117776.0,5.0,1.0,0.0,0.0,0.0,0.0,33731.0
356179,377,c1fd75c8241202e9fbe747d44851dd5ba082b5e368b1b3b5f62a13f96e460b27,3.0,19.0,1415448.0,3.0,1.0,0.0,0.0,0.0,0.0,258042.0
359673,377,7629f010080267f680a4ca9c6cac71c4d4d86933dcc7ed2f3625fde2c161e9de,1.0,18.0,506366.0,3.0,1.0,0.0,0.0,0.0,0.0,50568.0
360063,377,85560737ffda7254ba16b71e4c5b519b85a51942ab02c69ca358f1d4d8f83acc,3.0,17.0,461707.0,3.0,1.0,0.0,0.0,0.0,0.0,56237.0
360065,377,4dfeca8a959845f1ed0a40340b8c53525bb477c5c37a7068d6383515d211c881,1.0,10.0,409561.0,4.0,1.0,0.0,0.0,0.0,0.0,87341.0
356411,377,279922d10aeb65f598b19a339619f9dfa126e39a0a93f35901886f0ecd325b52,1.0,19.0,5112.0,3.0,1.0,0.0,0.0,0.0,0.0,153942.0
359853,377,d965728f86144f30286f2eb7bcfe51d5cb2bc9c228accbdbc858136d710676a3,1.0,17.0,993823.0,4.0,1.0,0.0,0.0,0.0,0.0,51664.0
359675,377,33ff49ea8a07c6d1b7cc203dcc3638ebde62dfb960a1697c8e5a55dffefc1cb6,1.0,9.0,367478.0,3.0,1.0,0.0,0.0,0.0,0.0,35544.0
356183,377,c62baab3b4829e0c15b13741548b58719a8c63b4b6a25b2213a688fe407cd91b,1.0,2.0,0.0,3.0,1.0,0.0,0.0,0.0,0.0,37057.0
359852,377,c62baab3b4829e0c15b13741548b58719a8c63b4b6a25b2213a688fe407cd91b,1.0,2.0,0.0,3.0,1.0,0.0,0.0,0.0,0.0,37057.0
360090,377,5eb56c00c6e0f86e7eefccee80483ef01a5fd216316f9671ee57ae7447930138,1.0,18.0,628991.0,3.0,1.0,0.0,0.0,0.0,0.0,70313.0
359674,377,863ec3df49a091454fa48aa183f675e76b1bd2c5b07699297ba163a7574e7622,1.0,15.0,5016106.0,3.0,1.0,0.0,0.0,0.0,0.0,249780.0
360066,377,279922d10aeb65f598b19a339619f9dfa126e39a0a93f35901886f0ecd325b52,1.0,19.0,5112.0,3.0,1.0,0.0,0.0,0.0,0.0,153942.0
359827,377,10a082d613a789acd3abc2648c84585e92e93d7fa20591c50a33899a9c03fe61,3.0,15.0,226357.0,5.0,1.0,0.0,0.0,0.0,0.0,28287.0
359848,377,c1fd75c8241202e9fbe747d44851dd5ba082b5e368b1b3b5f62a13f96e460b27,3.0,19.0,1415448.0,3.0,1.0,0.0,0.0,0.0,0.0,258042.0
356408,377,85560737ffda7254ba16b71e4c5b519b85a51942ab02c69ca358f1d4d8f83acc,3.0,17.0,461707.0,3.0,1.0,0.0,0.0,0.0,0.0,56237.0
359656,377,c90197eb61812d8b41228fa0d602f9d5062b10f4c18feca4e32d28dd6e16d4b5,1.0,15.0,246664.0,3.0,1.0,0.0,0.0,0.0,0.0,75936.0
360072,377,c6def618ad861703c025be4f41bdf7569310228ae93aeffc73088c520c79558d,1.0,2.0,444392.0,3.0,1.0,0.0,0.0,0.0,0.0,69934.0
360034,377,16fbc659bf1f2d26998be3a44b843c842cb9a753a229b4dd671bc55ddae89ffd,1.0,19.0,47353.0,6.0,1.0,0.0,0.0,0.0,0.0,34973.0
357100,378,5c8203758d604e065e40f5192d41077acdb92b1121bd5358436411be10072351,3.0,12.0,848586.0,2.0,1.0,0.0,0.0,0.0,0.0,86792.0
357094,378,4dfeca8a959845f1ed0a40340b8c53525bb477c5c37a7068d6383515d211c881,1.0,10.0,409561.0,4.0,1.0,0.0,0.0,0.0,0.0,87961.0
356784,378,7f69fa9eab8f397d367e2bb61ee1fa008999a0aab91e061e8f4bfe25fb35807d,3.0,12.0,2285386.0,3.0,1.0,0.0,0.0,0.0,0.0,10539.0
356773,378,c1fd75c8241202e9fbe747d44851dd5ba082b5e368b1b3b5f62a13f96e460b27,3.0,19.0,1415448.0,3.0,2.0,0.0,0.0,0.0,0.0,138803.0
356630,378,47a8c256c1df3f3560a69d3b91225cb78a52faf554854f63c79759d5f5cb27bb,1.0,19.0,244739.0,5.0,1.0,0.0,0.0,0.0,0.0,71248.0
356602,378,0388c9d9ef39aad168e450e671382cfa405d61efd39517e709a325c0998f2def,1.0,19.0,14128.0,3.0,1.0,0.0,0.0,0.0,0.0,32483.0
356599,378,fe0b3b09a3b8c5435d55a286ecd4fb416e96d3231abdf27c975bf8606a0b559c,3.0,12.0,2422.0,4.0,0.0,0.0,0.0,1.0,0.0,190504.0
357066,378,54c04f1809054b1558b09dea4679810db1224205e3efb0fa11bf38b6381a9c9f,3.0,16.0,110515.0,5.0,1.0,0.0,0.0,0.0,0.0,218509.0
357095,378,279922d10aeb65f598b19a339619f9dfa126e39a0a93f35901886f0ecd325b52,1.0,19.0,5112.0,3.0,1.0,0.0,0.0,0.0,0.0,215519.0
356789,378,7b11104618d8caa65909eaac749c1a42594f3c891fe06212e04129dafb3e81f1,3.0,12.0,532893.0,3.0,4.0,0.0,0.0,0.0,0.0,167429.0
356736,378,af47d2ecfecf5ebf8803baac3bb2cfcd0b93c4cb32c813c25804baacbbc0a19d,1.0,17.0,53452.0,4.0,0.0,0.0,0.0,1.0,0.0,18643.0
356749,378,3f96a5b349ebc2283085796d4e1f12d263a20dc545bc563d9c1a8323d9c45427,1.0,3.0,45914.0,4.0,1.0,0.0,0.0,0.0,0.0,35892.0
356951,378,c1122b414958c98c43f3879e543dae4b4cd0374cdf8f2e1fa6ebcdc247cbcfe0,1.0,18.0,341725.0,3.0,1.0,0.0,0.0,0.0,0.0,37246.0
356746,378,735cac8706572ba1288e296e763ddc0e06d873c8dab9226fdf9aad64419f427c,3.0,9.0,7712369.0,5.0,2.0,0.0,0.0,0.0,0.0,39145.0
356918,378,b1a82f6fed0e32b7e83be8fabc6381d84f8799c2c6f7e1b66ee029cad842cfbf,3.0,17.0,172554.0,5.0,0.0,0.0,0.0,0.0,1.0,1090.0
357108,378,823fc5ce48cd827628ce0d1c574e6c3582cb772cf6173a9384df22d56bb72f0c,1.0,17.0,114439.0,2.0,1.0,0.0,0.0,0.0,0.0,69815.0
357081,378,4514d58748a396282c28b1740efb151c01c34ad9c511732f5ff7b649c831c715,2.0,12.0,1166.0,4.0,1.0,0.0,0.0,0.0,0.0,5892.0
356941,378,22f043b4f96fe1b44b628491d2707242b02d9dd48006612bdd2823764b9911f4,3.0,12.0,918230.0,2.0,1.0,0.0,0.0,0.0,0.0,121677.0
356639,378,33ff49ea8a07c6d1b7cc203dcc3638ebde62dfb960a1697c8e5a55dffefc1cb6,1.0,9.0,367478.0,3.0,1.0,0.0,0.0,0.0,0.0,35630.0
357107,378,af44e752f63f8e447bc6fdac56d364a2f22eabbdbbefc4e3573905618f811eb8,1.0,15.0,242106.0,4.0,1.0,0.0,0.0,0.0,0.0,28784.0
356776,378,a62d70911e788d5fe609d2a7bb3ab800cb3c1ab4e923658fe066a9b3f225410a,3.0,1.0,2169802.0,2.0,0.0,0.0,0.0,0.0,1.0,45517.0
356781,378,54120a833a4e411f5e15fd3fbdf32e9cd66e000cd6f5ba24bc910ce5e3d46275,1.0,18.0,718481.0,3.0,1.0,0.0,0.0,0.0,0.0,34958.0
356779,378,d965728f86144f30286f2eb7bcfe51d5cb2bc9c228accbdbc858136d710676a3,1.0,17.0,993823.0,4.0,1.0,0.0,0.0,0.0,0.0,51664.0
356569,378,b212d14cb35676926682b2cf849e295d948888f556c07e854c4cdad9f32f5084,1.0,2.0,98177.0,2.0,1.0,0.0,0.0,0.0,0.0,48739.0
356742,378,10a082d613a789acd3abc2648c84585e92e93d7fa20591c50a33899a9c03fe61,3.0,15.0,226357.0,5.0,1.0,0.0,0.0,0.0,0.0,41907.0
356617,378,c90197eb61812d8b41228fa0d602f9d5062b10f4c18feca4e32d28dd6e16d4b5,1.0,15.0,246664.0,3.0,1.0,0.0,0.0,0.0,0.0,70811.0
356638,378,7629f010080267f680a4ca9c6cac71c4d4d86933dcc7ed2f3625fde2c161e9de,1.0,18.0,506366.0,3.0,1.0,0.0,0.0,0.0,0.0,49948.0
357128,378,987fa9033f6d7d6750dac714e178516755e75bd87dcedaee5dea1d08386a7104,1.0,18.0,272935.0,2.0,1.0,0.0,0.0,0.0,0.0,30547.0
357058,378,5742b1dcfccc74572ee956591728bab60f3a931e3beb4ac17a3287c0ae2952ce,1.0,2.0,117776.0,5.0,1.0,0.0,0.0,0.0,0.0,33812.0
356792,378,e21cf7d87b2ed8a622fc4dc8f155bb8ee9efaaafae9181fa30bcff63c4c24840,3.0,15.0,16.0,3.0,0.0,1.0,0.0,0.0,0.0,62014.0
357103,378,c6def618ad861703c025be4f41bdf7569310228ae93aeffc73088c520c79558d,1.0,2.0,444392.0,3.0,1.0,0.0,0.0,0.0,0.0,65138.0
357089,378,40fa92acb89d1ebb319f0f200d31a5fcbdfcbd8ad432d732a880545a69f2c5e8,3.0,17.0,2112.0,2.0,1.0,0.0,0.0,0.0,0.0,50698.0
357090,378,85560737ffda7254ba16b71e4c5b519b85a51942ab02c69ca358f1d4d8f83acc,3.0,17.0,461707.0,3.0,1.0,0.0,0.0,0.0,0.0,35047.0
356606,378,be7d3c28b1cfcb04e646520dfebdedf1beaf32b89d7d649b1a19784143bedff4,1.0,4.0,227418.0,2.0,1.0,0.0,0.0,0.0,0.0,47443.0
356757,378,76de39a510df17444d09a2e18c3330aeb629c6b00b5f198911d96d3831e82328,3.0,18.0,1770992.0,3.0,0.0,0.0,0.0,0.0,1.0,68044.0
356594,378,5dbfbc6b57567e2c945b0cb92c4e14be4211415f8e1d64527298a960c3fbe318,1.0,19.0,850.0,4.0,1.0,0.0,0.0,0.0,0.0,35070.0
356644,378,36f3436be0c1ec9b70703028c602781eb7e27060f85a5ce18849c7ae03878fe3,3.0,5.0,0.0,2.0,1.0,0.0,0.0,0.0,0.0,105946.0
363764,379,67657692d6856504a9ab96bae3bbb21effe7f59f8aa0a4f34b305c032b68e54e,1.0,2.0,85208.0,3.0,1.0,0.0,0.0,0.0,0.0,54993.0
363328,379,c90197eb61812d8b41228fa0d602f9d5062b10f4c18feca4e32d28dd6e16d4b5,1.0,15.0,246664.0,3.0,1.0,0.0,0.0,0.0,0.0,51301.0
363751,379,40fa92acb89d1ebb319f0f200d31a5fcbdfcbd8ad432d732a880545a69f2c5e8,3.0,17.0,2112.0,2.0,2.0,0.0,0.0,0.0,0.0,101033.0
363757,379,279922d10aeb65f598b19a339619f9dfa126e39a0a93f35901886f0ecd325b52,1.0,19.0,5112.0,3.0,1.0,0.0,0.0,0.0,0.0,215519.0
363569,379,10a082d613a789acd3abc2648c84585e92e93d7fa20591c50a33899a9c03fe61,3.0,15.0,226357.0,5.0,1.0,0.0,0.0,0.0,0.0,41907.0
363439,379,9926817af97faabf768a709a6671044798c6f75c76e248ce1326547f7d8180b5,3.0,19.0,3463.0,5.0,1.0,0.0,0.0,0.0,0.0,150674.0
363759,379,115320f452f39ac84f789530964e49f241d4cb2a3d90c870f1e7955b5a1572d5,1.0,19.0,153711.0,2.0,1.0,0.0,0.0,0.0,0.0,18178.0
363320,379,84fa6a4801247774b7c71f73de2e573f55c201e18b50a5b4e9adb727464bdf67,1.0,19.0,508362.0,3.0,1.0,0.0,0.0,0.0,0.0,48317.0
363767,379,af44e752f63f8e447bc6fdac56d364a2f22eabbdbbefc4e3573905618f811eb8,1.0,15.0,242106.0,4.0,1.0,0.0,0.0,0.0,0.0,28890.0
363453,379,22f043b4f96fe1b44b628491d2707242b02d9dd48006612bdd2823764b9911f4,3.0,12.0,918230.0,2.0,1.0,0.0,0.0,0.0,0.0,131817.0
363776,379,e4abf3cf5d24add971b5c2355001c92b150e154c73c749adb47498121c2946f8,3.0,17.0,1878.0,3.0,1.0,0.0,0.0,0.0,0.0,52162.0
363341,379,ff483c74ef2977bfcf04be0a79363af72d1812aac9ce1fcdf671b4433218f6ad,2.0,17.0,41066.0,3.0,1.0,0.0,0.0,0.0,0.0,9762.0
363682,379,5742b1dcfccc74572ee956591728bab60f3a931e3beb4ac17a3287c0ae2952ce,1.0,2.0,117776.0,5.0,1.0,0.0,0.0,0.0,0.0,35072.0
363261,379,95a6c0fd787a7f03473b58897e0d696d4ba27c61003f9277493d438798c7191a,3.0,12.0,287141.0,3.0,1.0,0.0,0.0,0.0,0.0,16055.0
363771,379,823fc5ce48cd827628ce0d1c574e6c3582cb772cf6173a9384df22d56bb72f0c,1.0,17.0,114439.0,2.0,1.0,0.0,0.0,0.0,0.0,73003.0
363455,379,304d1c4943cb83843d54cf044f1a919545e89f6e6bf8acd060903292e5c988db,1.0,14.0,577644.0,4.0,1.0,0.0,0.0,0.0,0.0,127374.0
363756,379,4dfeca8a959845f1ed0a40340b8c53525bb477c5c37a7068d6383515d211c881,1.0,10.0,409561.0,4.0,1.0,0.0,0.0,0.0,0.0,88263.0
363590,379,fa1919bc7f2d48288a1eab1b97b2a495557a27789cbea7484fa75596ed18e3a5,3.0,5.0,3985332.0,2.0,1.0,0.0,0.0,0.0,0.0,173252.0
363763,379,5c8203758d604e065e40f5192d41077acdb92b1121bd5358436411be10072351,3.0,12.0,848586.0,2.0,1.0,0.0,0.0,0.0,0.0,116403.0
363588,379,54120a833a4e411f5e15fd3fbdf32e9cd66e000cd6f5ba24bc910ce5e3d46275,1.0,18.0,718481.0,3.0,1.0,0.0,0.0,0.0,0.0,39345.0
363752,379,85560737ffda7254ba16b71e4c5b519b85a51942ab02c69ca358f1d4d8f83acc,3.0,17.0,461707.0,3.0,1.0,0.0,0.0,0.0,0.0,42323.0
363459,379,c1122b414958c98c43f3879e543dae4b4cd0374cdf8f2e1fa6ebcdc247cbcfe0,1.0,18.0,341725.0,3.0,1.0,0.0,0.0,0.0,0.0,37426.0
363478,379,eddfc6bc7e209e2a40808c3fb07e08b3ee0a199e0a8552e3dc4952b414332d4b,3.0,19.0,334295.0,2.0,1.0,0.0,0.0,0.0,0.0,106794.0
363338,379,47a8c256c1df3f3560a69d3b91225cb78a52faf554854f63c79759d5f5cb27bb,1.0,19.0,244739.0,5.0,1.0,0.0,0.0,0.0,0.0,35624.0
363345,379,7629f010080267f680a4ca9c6cac71c4d4d86933dcc7ed2f3625fde2c161e9de,1.0,18.0,506366.0,3.0,1.0,0.0,0.0,0.0,0.0,49059.0
363346,379,9a7594757871fa66bee5f6b681116827dcfd05847c055ad73a082374869a9dc7,1.0,19.0,134539.0,3.0,1.0,0.0,0.0,0.0,0.0,22079.0
363788,379,d413e74df0f4d9831ba04e480979144e0374b3a687d011a3aeb628acd9f9d7bd,1.0,18.0,66224.0,4.0,1.0,0.0,0.0,0.0,0.0,55684.0
363583,379,c1fd75c8241202e9fbe747d44851dd5ba082b5e368b1b3b5f62a13f96e460b27,3.0,19.0,1415448.0,3.0,2.0,0.0,0.0,0.0,0.0,218344.0
358467,382,823fc5ce48cd827628ce0d1c574e6c3582cb772cf6173a9384df22d56bb72f0c,1.0,17.0,114439.0,2.0,1.0,0.0,0.0,0.0,0.0,72779.0
358481,382,987fa9033f6d7d6750dac714e178516755e75bd87dcedaee5dea1d08386a7104,1.0,18.0,272935.0,2.0,1.0,0.0,0.0,0.0,0.0,30547.0
358006,382,b212d14cb35676926682b2cf849e295d948888f556c07e854c4cdad9f32f5084,1.0,2.0,98177.0,2.0,1.0,0.0,0.0,0.0,0.0,48828.0
358233,382,54120a833a4e411f5e15fd3fbdf32e9cd66e000cd6f5ba24bc910ce5e3d46275,1.0,18.0,718481.0,3.0,1.0,0.0,0.0,0.0,0.0,34711.0
358228,382,b8cfc88cb10db943a81ed8219fde7dfcdfad98c20deab517f3cf02d1178a75ac,1.0,17.0,450527.0,2.0,1.0,0.0,0.0,0.0,0.0,43518.0
358459,382,c6def618ad861703c025be4f41bdf7569310228ae93aeffc73088c520c79558d,1.0,2.0,444392.0,3.0,1.0,0.0,0.0,0.0,0.0,73163.0
358444,382,341d0b8fb25fccb82af09c3b4e5becb8491e52d35a5e301d1991c2c2aa10a628,3.0,14.0,213071.0,4.0,1.0,0.0,0.0,0.0,0.0,141007.0
358451,382,40fa92acb89d1ebb319f0f200d31a5fcbdfcbd8ad432d732a880545a69f2c5e8,3.0,17.0,2112.0,2.0,1.0,0.0,0.0,0.0,0.0,64595.0
358250,382,bdda3ef79c5f052fd281c9f28f50a25977444eceaf9751e4595fcb6099a48ea0,3.0,19.0,2390889.0,4.0,1.0,0.0,0.0,0.0,0.0,12692.0
358268,382,c92f6fa2e7d8cc80e829ad43a070b5dff511a49896eabf8c2e8fa2b6574f36c3,1.0,14.0,597271.0,2.0,1.0,0.0,0.0,0.0,0.0,34403.0
358276,382,0658224f10ea4c5c8b4252f1bef32ee1071dc504bfc6704a706a6b4a21f2a116,3.0,11.0,916057.0,3.0,0.0,0.0,0.0,0.0,1.0,358306.0
358067,382,33ff49ea8a07c6d1b7cc203dcc3638ebde62dfb960a1697c8e5a55dffefc1cb6,1.0,9.0,367478.0,3.0,1.0,0.0,0.0,0.0,0.0,35374.0
358046,382,8b292b44452777e59bd77ba3a487c886c8d0eccbe95e3b5eaaead727d9f98c9b,1.0,19.0,1191028.0,3.0,1.0,0.0,0.0,0.0,0.0,45596.0
358044,382,7b1ea66e757368e4b4371100aad46609c47499811b62a80507ba4006f0bbab32,1.0,19.0,123830.0,3.0,1.0,0.0,0.0,0.0,0.0,17584.0
358059,382,47a8c256c1df3f3560a69d3b91225cb78a52faf554854f63c79759d5f5cb27bb,1.0,19.0,244739.0,5.0,1.0,0.0,0.0,0.0,0.0,35624.0
358464,382,d4fa544f203ee93bd9ef737bd663f2d7a4a681d16a75d473fe74663c7e9d9913,1.0,1.0,491230.0,2.0,1.0,0.0,0.0,0.0,0.0,34833.0
358456,382,5c8203758d604e065e40f5192d41077acdb92b1121bd5358436411be10072351,3.0,12.0,848586.0,2.0,1.0,0.0,0.0,0.0,0.0,55853.0
358458,382,67657692d6856504a9ab96bae3bbb21effe7f59f8aa0a4f34b305c032b68e54e,1.0,2.0,85208.0,3.0,1.0,0.0,0.0,0.0,0.0,51880.0
358248,382,304d1c4943cb83843d54cf044f1a919545e89f6e6bf8acd060903292e5c988db,1.0,14.0,577644.0,4.0,2.0,0.0,0.0,0.0,0.0,201106.0
358463,382,af44e752f63f8e447bc6fdac56d364a2f22eabbdbbefc4e3573905618f811eb8,1.0,15.0,242106.0,4.0,1.0,0.0,0.0,0.0,0.0,29071.0
358064,382,196d8720ded07e7f8f7f457ce45cb712bcecb86084bebcc1696d4356c1451b63,3.0,12.0,612138.0,2.0,1.0,0.0,0.0,0.0,0.0,10116.0
358066,382,7629f010080267f680a4ca9c6cac71c4d4d86933dcc7ed2f3625fde2c161e9de,1.0,18.0,506366.0,3.0,1.0,0.0,0.0,0.0,0.0,49257.0
358222,382,c1fd75c8241202e9fbe747d44851dd5ba082b5e368b1b3b5f62a13f96e460b27,3.0,19.0,1415448.0,3.0,1.0,0.0,0.0,0.0,0.0,167960.0
358037,382,be7d3c28b1cfcb04e646520dfebdedf1beaf32b89d7d649b1a19784143bedff4,1.0,4.0,227418.0,2.0,1.0,0.0,0.0,0.0,0.0,60714.0
358232,382,d965728f86144f30286f2eb7bcfe51d5cb2bc9c228accbdbc858136d710676a3,1.0,17.0,993823.0,4.0,1.0,0.0,0.0,0.0,0.0,51664.0
358421,382,5742b1dcfccc74572ee956591728bab60f3a931e3beb4ac17a3287c0ae2952ce,1.0,2.0,117776.0,5.0,1.0,0.0,0.0,0.0,0.0,33592.0
358479,382,cc73fc47d39a47f49ebc28cc7fcd1c3203232bb2af57c84bc80f1f2ab18552ba,3.0,13.0,310119.0,3.0,1.0,0.0,0.0,0.0,0.0,109561.0
358193,382,10a082d613a789acd3abc2648c84585e92e93d7fa20591c50a33899a9c03fe61,3.0,15.0,226357.0,5.0,1.0,0.0,0.0,0.0,0.0,41907.0
358452,382,85560737ffda7254ba16b71e4c5b519b85a51942ab02c69ca358f1d4d8f83acc,3.0,17.0,461707.0,3.0,1.0,0.0,0.0,0.0,0.0,118391.0
364186,383,8eaa3e3a1678efd0f863921c0989d0220b7d08c5876290344d682ca926b9932e,3.0,12.0,1716918.0,3.0,1.0,0.0,0.0,0.0,0.0,76247.0
364184,383,c1122b414958c98c43f3879e543dae4b4cd0374cdf8f2e1fa6ebcdc247cbcfe0,1.0,18.0,341725.0,3.0,1.0,0.0,0.0,0.0,0.0,37595.0
364179,383,304d1c4943cb83843d54cf044f1a919545e89f6e6bf8acd060903292e5c988db,1.0,14.0,577644.0,4.0,1.0,0.0,0.0,0.0,0.0,96836.0
363900,383,7b1ea66e757368e4b4371100aad46609c47499811b62a80507ba4006f0bbab32,1.0,19.0,123830.0,3.0,1.0,0.0,0.0,0.0,0.0,17561.0
364261,383,405115a569295213328a887110c5c5b705069402361a3057ba68f7159c097861,3.0,19.0,187325.0,6.0,1.0,0.0,0.0,0.0,0.0,39821.0
364319,383,af44e752f63f8e447bc6fdac56d364a2f22eabbdbbefc4e3573905618f811eb8,1.0,15.0,242106.0,4.0,1.0,0.0,0.0,0.0,0.0,29200.0
364307,383,b6f594909afde36b182e825a982b1c3095c2ea2e3d3c3f2e5d44a514a0c3df91,1.0,9.0,2905.0,4.0,1.0,0.0,0.0,0.0,0.0,174667.0
364035,383,d965728f86144f30286f2eb7bcfe51d5cb2bc9c228accbdbc858136d710676a3,1.0,17.0,993823.0,4.0,1.0,0.0,0.0,0.0,0.0,51664.0
363896,383,84fa6a4801247774b7c71f73de2e573f55c201e18b50a5b4e9adb727464bdf67,1.0,19.0,508362.0,3.0,1.0,0.0,0.0,0.0,0.0,56050.0
364293,383,341d0b8fb25fccb82af09c3b4e5becb8491e52d35a5e301d1991c2c2aa10a628,3.0,14.0,213071.0,4.0,1.0,0.0,0.0,0.0,0.0,141007.0
363918,383,33ff49ea8a07c6d1b7cc203dcc3638ebde62dfb960a1697c8e5a55dffefc1cb6,1.0,9.0,367478.0,3.0,1.0,0.0,0.0,0.0,0.0,35337.0
363895,383,be7d3c28b1cfcb04e646520dfebdedf1beaf32b89d7d649b1a19784143bedff4,1.0,4.0,227418.0,2.0,1.0,0.0,0.0,0.0,0.0,64224.0
364006,383,10a082d613a789acd3abc2648c84585e92e93d7fa20591c50a33899a9c03fe61,3.0,15.0,226357.0,5.0,1.0,0.0,0.0,0.0,0.0,41907.0
364312,383,64ed87c9ddcc4a625b0b39f3e47382e6319c7947dcc518064cdc82f0eb0d8b68,3.0,17.0,2128884.0,3.0,1.0,0.0,0.0,0.0,0.0,89286.0
364176,383,22f043b4f96fe1b44b628491d2707242b02d9dd48006612bdd2823764b9911f4,3.0,12.0,918230.0,2.0,1.0,0.0,0.0,0.0,0.0,121677.0
364321,383,823fc5ce48cd827628ce0d1c574e6c3582cb772cf6173a9384df22d56bb72f0c,1.0,17.0,114439.0,2.0,1.0,0.0,0.0,0.0,0.0,72679.0
363905,383,c90197eb61812d8b41228fa0d602f9d5062b10f4c18feca4e32d28dd6e16d4b5,1.0,15.0,246664.0,3.0,1.0,0.0,0.0,0.0,0.0,66996.0
364314,383,67657692d6856504a9ab96bae3bbb21effe7f59f8aa0a4f34b305c032b68e54e,1.0,2.0,85208.0,3.0,1.0,0.0,0.0,0.0,0.0,51880.0
364022,383,c1fd75c8241202e9fbe747d44851dd5ba082b5e368b1b3b5f62a13f96e460b27,3.0,19.0,1415448.0,3.0,2.0,0.0,0.0,0.0,0.0,231018.0
364333,383,987fa9033f6d7d6750dac714e178516755e75bd87dcedaee5dea1d08386a7104,1.0,18.0,272935.0,2.0,1.0,0.0,0.0,0.0,0.0,30547.0
364032,383,b8cfc88cb10db943a81ed8219fde7dfcdfad98c20deab517f3cf02d1178a75ac,1.0,17.0,450527.0,2.0,1.0,0.0,0.0,0.0,0.0,43474.0
364315,383,c6def618ad861703c025be4f41bdf7569310228ae93aeffc73088c520c79558d,1.0,2.0,444392.0,3.0,1.0,0.0,0.0,0.0,0.0,52550.0
364303,383,40fa92acb89d1ebb319f0f200d31a5fcbdfcbd8ad432d732a880545a69f2c5e8,3.0,17.0,2112.0,2.0,1.0,0.0,0.0,0.0,0.0,64868.0
363862,383,ee0dad3635c9ede26249c1d38562c2070671c05c01c52e76b2ad7672a6e50c05,3.0,17.0,233285.0,3.0,0.0,1.0,0.0,0.0,0.0,15165.0
364045,383,7b11104618d8caa65909eaac749c1a42594f3c891fe06212e04129dafb3e81f1,3.0,12.0,532893.0,3.0,1.0,0.0,0.0,0.0,0.0,20553.0
364309,383,5c8203758d604e065e40f5192d41077acdb92b1121bd5358436411be10072351,3.0,12.0,848586.0,2.0,1.0,0.0,0.0,0.0,0.0,8625.0
364193,383,c92f6fa2e7d8cc80e829ad43a070b5dff511a49896eabf8c2e8fa2b6574f36c3,1.0,14.0,597271.0,2.0,1.0,0.0,0.0,0.0,0.0,34357.0
364036,383,54120a833a4e411f5e15fd3fbdf32e9cd66e000cd6f5ba24bc910ce5e3d46275,1.0,18.0,718481.0,3.0,1.0,0.0,0.0,0.0,0.0,34663.0
358725,384,304d1c4943cb83843d54cf044f1a919545e89f6e6bf8acd060903292e5c988db,1.0,14.0,577644.0,4.0,1.0,0.0,0.0,0.0,0.0,59970.0
358847,384,568da0b4dc6e2adbd301b2dcaa8d2c7227d3055f05f770e2f9dbf498f0bfb68c,2.0,5.0,4138828.0,2.0,0.0,0.0,0.0,0.0,1.0,208941.0
358975,384,85560737ffda7254ba16b71e4c5b519b85a51942ab02c69ca358f1d4d8f83acc,3.0,17.0,461707.0,3.0,1.0,0.0,0.0,0.0,0.0,104400.0
358981,384,c6def618ad861703c025be4f41bdf7569310228ae93aeffc73088c520c79558d,1.0,2.0,444392.0,3.0,1.0,0.0,0.0,0.0,0.0,73653.0
358726,384,d7d0399f29d741a20316b00e646819c93e4b4b0a1e781d561db389213cef682f,3.0,19.0,55870.0,3.0,1.0,0.0,0.0,0.0,0.0,107585.0
358610,384,c90197eb61812d8b41228fa0d602f9d5062b10f4c18feca4e32d28dd6e16d4b5,1.0,15.0,246664.0,3.0,0.0,0.0,0.0,1.0,0.0,512.0
358592,384,6f6285819760b09d65c43472a5ea4ed73f6e3152acb7bec335670e7940c3ebdd,2.0,15.0,790475.0,4.0,0.0,0.0,0.0,0.0,1.0,124336.0
358946,384,405115a569295213328a887110c5c5b705069402361a3057ba68f7159c097861,3.0,19.0,187325.0,6.0,1.0,0.0,0.0,0.0,0.0,70433.0
358984,384,823fc5ce48cd827628ce0d1c574e6c3582cb772cf6173a9384df22d56bb72f0c,1.0,17.0,114439.0,2.0,1.0,0.0,0.0,0.0,0.0,72630.0
358604,384,be7d3c28b1cfcb04e646520dfebdedf1beaf32b89d7d649b1a19784143bedff4,1.0,4.0,227418.0,2.0,1.0,0.0,0.0,0.0,0.0,64114.0
358974,384,40fa92acb89d1ebb319f0f200d31a5fcbdfcbd8ad432d732a880545a69f2c5e8,3.0,17.0,2112.0,2.0,1.0,0.0,0.0,0.0,0.0,65056.0
358819,384,10a082d613a789acd3abc2648c84585e92e93d7fa20591c50a33899a9c03fe61,3.0,15.0,226357.0,5.0,1.0,0.0,0.0,0.0,0.0,41907.0
358624,384,ff483c74ef2977bfcf04be0a79363af72d1812aac9ce1fcdf671b4433218f6ad,2.0,17.0,41066.0,3.0,1.0,0.0,0.0,0.0,0.0,9651.0
358626,384,33ff49ea8a07c6d1b7cc203dcc3638ebde62dfb960a1697c8e5a55dffefc1cb6,1.0,9.0,367478.0,3.0,1.0,0.0,0.0,0.0,0.0,35313.0
358621,384,47a8c256c1df3f3560a69d3b91225cb78a52faf554854f63c79759d5f5cb27bb,1.0,19.0,244739.0,5.0,1.0,0.0,0.0,0.0,0.0,36140.0
358568,384,b212d14cb35676926682b2cf849e295d948888f556c07e854c4cdad9f32f5084,1.0,2.0,98177.0,2.0,1.0,0.0,0.0,0.0,0.0,44886.0
358836,384,c1fd75c8241202e9fbe747d44851dd5ba082b5e368b1b3b5f62a13f96e460b27,3.0,19.0,1415448.0,3.0,1.0,0.0,0.0,0.0,0.0,196955.0
358842,384,d965728f86144f30286f2eb7bcfe51d5cb2bc9c228accbdbc858136d710676a3,1.0,17.0,993823.0,4.0,1.0,0.0,0.0,0.0,0.0,51664.0
358723,384,7c37f3bf824a79d44aec8a7576691dc98c58e8bbc453b5c3e4a2c809b8e1b46a,1.0,12.0,331966.0,2.0,1.0,0.0,0.0,0.0,0.0,33571.0
359376,385,ca010e402907caab7f043733db0de6c8c29c58d73a0848680771c5ce12b26fb4,1.0,2.0,329450.0,4.0,1.0,0.0,0.0,0.0,0.0,70910.0
359382,385,7c37f3bf824a79d44aec8a7576691dc98c58e8bbc453b5c3e4a2c809b8e1b46a,1.0,12.0,331966.0,2.0,1.0,0.0,0.0,0.0,0.0,32933.0
359370,385,65f7f99adb8fa77306cc4217b5d9352f0236d184c65545649b85235c51e9b5ca,1.0,19.0,128880.0,4.0,1.0,0.0,0.0,0.0,0.0,70573.0
359385,385,304d1c4943cb83843d54cf044f1a919545e89f6e6bf8acd060903292e5c988db,1.0,14.0,577644.0,4.0,1.0,0.0,0.0,0.0,0.0,71321.0
359247,385,cdd50c23d3f96be5c5e9c4c62139638f2ff5039a2ee689e8a9e5654cad506cb4,1.0,17.0,32051.0,5.0,1.0,0.0,0.0,0.0,0.0,80890.0
359135,385,54120a833a4e411f5e15fd3fbdf32e9cd66e000cd6f5ba24bc910ce5e3d46275,1.0,18.0,718481.0,3.0,1.0,0.0,0.0,0.0,0.0,34711.0
359481,385,85560737ffda7254ba16b71e4c5b519b85a51942ab02c69ca358f1d4d8f83acc,3.0,17.0,461707.0,3.0,1.0,0.0,0.0,0.0,0.0,81389.0
359390,385,c1122b414958c98c43f3879e543dae4b4cd0374cdf8f2e1fa6ebcdc247cbcfe0,1.0,18.0,341725.0,3.0,1.0,0.0,0.0,0.0,0.0,37734.0
359222,385,b212d14cb35676926682b2cf849e295d948888f556c07e854c4cdad9f32f5084,1.0,2.0,98177.0,2.0,1.0,0.0,0.0,0.0,0.0,29880.0
359131,385,b8cfc88cb10db943a81ed8219fde7dfcdfad98c20deab517f3cf02d1178a75ac,1.0,17.0,450527.0,2.0,1.0,0.0,0.0,0.0,0.0,43563.0
359487,385,b6f594909afde36b182e825a982b1c3095c2ea2e3d3c3f2e5d44a514a0c3df91,1.0,9.0,2905.0,4.0,1.0,0.0,0.0,0.0,0.0,69014.0
359255,385,be7d3c28b1cfcb04e646520dfebdedf1beaf32b89d7d649b1a19784143bedff4,1.0,4.0,227418.0,2.0,1.0,0.0,0.0,0.0,0.0,64267.0
359134,385,d965728f86144f30286f2eb7bcfe51d5cb2bc9c228accbdbc858136d710676a3,1.0,17.0,993823.0,4.0,1.0,0.0,0.0,0.0,0.0,51664.0
359495,385,823fc5ce48cd827628ce0d1c574e6c3582cb772cf6173a9384df22d56bb72f0c,1.0,17.0,114439.0,2.0,1.0,0.0,0.0,0.0,0.0,72753.0
359339,385,95a6c0fd787a7f03473b58897e0d696d4ba27c61003f9277493d438798c7191a,3.0,12.0,287141.0,3.0,1.0,0.0,0.0,0.0,0.0,17396.0
359491,385,c6def618ad861703c025be4f41bdf7569310228ae93aeffc73088c520c79558d,1.0,2.0,444392.0,3.0,1.0,0.0,0.0,0.0,0.0,65615.0
359468,385,332fe46096cc1f7bee84dc063f17d58ccf51be2dbeca7ec7d22578b20a1616f6,2.0,9.0,1352404.0,6.0,0.0,0.0,0.0,0.0,1.0,1673488.0
359365,385,81ecc7ab1a28a706816d641333a50f496f820a9011b136e9736e2c2f2a7781fc,1.0,18.0,13143.0,6.0,1.0,0.0,0.0,0.0,0.0,134905.0
360591,386,c6def618ad861703c025be4f41bdf7569310228ae93aeffc73088c520c79558d,1.0,2.0,444392.0,3.0,1.0,0.0,0.0,0.0,0.0,66675.0
360230,386,b212d14cb35676926682b2cf849e295d948888f556c07e854c4cdad9f32f5084,1.0,2.0,98177.0,2.0,1.0,0.0,0.0,0.0,0.0,45116.0
360271,386,8b292b44452777e59bd77ba3a487c886c8d0eccbe95e3b5eaaead727d9f98c9b,1.0,19.0,1191028.0,3.0,1.0,0.0,0.0,0.0,0.0,45596.0
360598,386,823fc5ce48cd827628ce0d1c574e6c3582cb772cf6173a9384df22d56bb72f0c,1.0,17.0,114439.0,2.0,1.0,0.0,0.0,0.0,0.0,72630.0
360293,386,7629f010080267f680a4ca9c6cac71c4d4d86933dcc7ed2f3625fde2c161e9de,1.0,18.0,506366.0,3.0,1.0,0.0,0.0,0.0,0.0,34351.0
360402,386,d965728f86144f30286f2eb7bcfe51d5cb2bc9c228accbdbc858136d710676a3,1.0,17.0,993823.0,4.0,1.0,0.0,0.0,0.0,0.0,51664.0
360583,386,85560737ffda7254ba16b71e4c5b519b85a51942ab02c69ca358f1d4d8f83acc,3.0,17.0,461707.0,3.0,1.0,0.0,0.0,0.0,0.0,59492.0
360609,386,987fa9033f6d7d6750dac714e178516755e75bd87dcedaee5dea1d08386a7104,1.0,18.0,272935.0,2.0,1.0,0.0,0.0,0.0,0.0,30547.0
360566,386,ca010e402907caab7f043733db0de6c8c29c58d73a0848680771c5ce12b26fb4,1.0,2.0,329450.0,4.0,1.0,0.0,0.0,0.0,0.0,87186.0
360263,386,be7d3c28b1cfcb04e646520dfebdedf1beaf32b89d7d649b1a19784143bedff4,1.0,4.0,227418.0,2.0,1.0,0.0,0.0,0.0,0.0,64136.0
360594,386,af44e752f63f8e447bc6fdac56d364a2f22eabbdbbefc4e3573905618f811eb8,1.0,15.0,242106.0,4.0,1.0,0.0,0.0,0.0,0.0,29299.0
360646,386,304d1c4943cb83843d54cf044f1a919545e89f6e6bf8acd060903292e5c988db,1.0,14.0,577644.0,4.0,1.0,0.0,0.0,0.0,0.0,81788.0
360400,386,b8cfc88cb10db943a81ed8219fde7dfcdfad98c20deab517f3cf02d1178a75ac,1.0,17.0,450527.0,2.0,1.0,0.0,0.0,0.0,0.0,43444.0
360590,386,67657692d6856504a9ab96bae3bbb21effe7f59f8aa0a4f34b305c032b68e54e,1.0,2.0,85208.0,3.0,1.0,0.0,0.0,0.0,0.0,51880.0
360406,386,7b11104618d8caa65909eaac749c1a42594f3c891fe06212e04129dafb3e81f1,3.0,12.0,532893.0,3.0,0.0,0.0,0.0,0.0,1.0,39930.0
360562,386,65f7f99adb8fa77306cc4217b5d9352f0236d184c65545649b85235c51e9b5ca,1.0,19.0,128880.0,4.0,1.0,0.0,0.0,0.0,0.0,66422.0
360563,386,127189d3452b6e707329fd71bd84ea6eeb664bb311713a23806608608a3a80a7,1.0,18.0,88680.0,3.0,1.0,0.0,0.0,0.0,0.0,36159.0
360286,386,47a8c256c1df3f3560a69d3b91225cb78a52faf554854f63c79759d5f5cb27bb,1.0,19.0,244739.0,5.0,1.0,0.0,0.0,0.0,0.0,36140.0
360654,386,c92f6fa2e7d8cc80e829ad43a070b5dff511a49896eabf8c2e8fa2b6574f36c3,1.0,14.0,597271.0,2.0,1.0,0.0,0.0,0.0,0.0,34333.0
360269,386,7b1ea66e757368e4b4371100aad46609c47499811b62a80507ba4006f0bbab32,1.0,19.0,123830.0,3.0,1.0,0.0,0.0,0.0,0.0,17554.0
360294,386,33ff49ea8a07c6d1b7cc203dcc3638ebde62dfb960a1697c8e5a55dffefc1cb6,1.0,9.0,367478.0,3.0,1.0,0.0,0.0,0.0,0.0,34254.0
360649,386,c1122b414958c98c43f3879e543dae4b4cd0374cdf8f2e1fa6ebcdc247cbcfe0,1.0,18.0,341725.0,3.0,1.0,0.0,0.0,0.0,0.0,37770.0
360225,386,9e5bc096317c8b6417c48800be0999238c7f7c4c088ebbc30f21d655069bf95e,3.0,3.0,123794.0,4.0,1.0,0.0,0.0,0.0,0.0,10288.0
360249,386,74214c478dc6519fbefe4bc31693865bdcd698ab974b6435bb8fa842a3ed4fd8,3.0,15.0,201906.0,5.0,1.0,0.0,0.0,0.0,0.0,67744.0
360846,389,d965728f86144f30286f2eb7bcfe51d5cb2bc9c228accbdbc858136d710676a3,1.0,17.0,993823.0,4.0,1.0,0.0,0.0,0.0,0.0,48564.0
361140,389,304d1c4943cb83843d54cf044f1a919545e89f6e6bf8acd060903292e5c988db,1.0,14.0,577644.0,4.0,1.0,0.0,0.0,0.0,0.0,52657.0
361128,389,ca010e402907caab7f043733db0de6c8c29c58d73a0848680771c5ce12b26fb4,1.0,2.0,329450.0,4.0,1.0,0.0,0.0,0.0,0.0,87393.0
361312,389,d413e74df0f4d9831ba04e480979144e0374b3a687d011a3aeb628acd9f9d7bd,1.0,18.0,66224.0,4.0,1.0,0.0,0.0,0.0,0.0,26050.0
360979,389,cdd50c23d3f96be5c5e9c4c62139638f2ff5039a2ee689e8a9e5654cad506cb4,1.0,17.0,32051.0,5.0,1.0,0.0,0.0,0.0,0.0,90645.0
361299,389,823fc5ce48cd827628ce0d1c574e6c3582cb772cf6173a9384df22d56bb72f0c,1.0,17.0,114439.0,2.0,1.0,0.0,0.0,0.0,0.0,72382.0
361025,389,33ff49ea8a07c6d1b7cc203dcc3638ebde62dfb960a1697c8e5a55dffefc1cb6,1.0,9.0,367478.0,3.0,1.0,0.0,0.0,0.0,0.0,35193.0
360847,389,54120a833a4e411f5e15fd3fbdf32e9cd66e000cd6f5ba24bc910ce5e3d46275,1.0,18.0,718481.0,3.0,1.0,0.0,0.0,0.0,0.0,34522.0
360991,389,be7d3c28b1cfcb04e646520dfebdedf1beaf32b89d7d649b1a19784143bedff4,1.0,4.0,227418.0,2.0,1.0,0.0,0.0,0.0,0.0,67495.0
360990,389,01b1735c3dbf0a35c1c989bb45434ce4326b365b73db0612190e56b2858e0184,3.0,12.0,703297.0,5.0,1.0,0.0,0.0,0.0,0.0,30158.0
360954,389,b212d14cb35676926682b2cf849e295d948888f556c07e854c4cdad9f32f5084,1.0,2.0,98177.0,2.0,1.0,0.0,0.0,0.0,0.0,45081.0
361143,389,bdda3ef79c5f052fd281c9f28f50a25977444eceaf9751e4595fcb6099a48ea0,3.0,19.0,2390889.0,4.0,1.0,0.0,0.0,0.0,0.0,12288.0
361146,389,c1122b414958c98c43f3879e543dae4b4cd0374cdf8f2e1fa6ebcdc247cbcfe0,1.0,18.0,341725.0,3.0,1.0,0.0,0.0,0.0,0.0,30069.0
361124,389,127189d3452b6e707329fd71bd84ea6eeb664bb311713a23806608608a3a80a7,1.0,18.0,88680.0,3.0,1.0,0.0,0.0,0.0,0.0,36214.0
361291,389,67657692d6856504a9ab96bae3bbb21effe7f59f8aa0a4f34b305c032b68e54e,1.0,2.0,85208.0,3.0,1.0,0.0,0.0,0.0,0.0,41504.0
361117,389,b1a82f6fed0e32b7e83be8fabc6381d84f8799c2c6f7e1b66ee029cad842cfbf,3.0,17.0,172554.0,5.0,0.0,0.0,0.0,0.0,1.0,1682.0
361000,389,c90197eb61812d8b41228fa0d602f9d5062b10f4c18feca4e32d28dd6e16d4b5,1.0,15.0,246664.0,3.0,1.0,0.0,0.0,0.0,0.0,51306.0
360997,389,7b1ea66e757368e4b4371100aad46609c47499811b62a80507ba4006f0bbab32,1.0,19.0,123830.0,3.0,1.0,0.0,0.0,0.0,0.0,17495.0
361285,389,b6f594909afde36b182e825a982b1c3095c2ea2e3d3c3f2e5d44a514a0c3df91,1.0,9.0,2905.0,4.0,1.0,0.0,0.0,0.0,0.0,69014.0
360843,389,b8cfc88cb10db943a81ed8219fde7dfcdfad98c20deab517f3cf02d1178a75ac,1.0,17.0,450527.0,2.0,1.0,0.0,0.0,0.0,0.0,43296.0
361296,389,d4fa544f203ee93bd9ef737bd663f2d7a4a681d16a75d473fe74663c7e9d9913,1.0,1.0,491230.0,2.0,1.0,0.0,0.0,0.0,0.0,34631.0
361024,389,7629f010080267f680a4ca9c6cac71c4d4d86933dcc7ed2f3625fde2c161e9de,1.0,18.0,506366.0,3.0,1.0,0.0,0.0,0.0,0.0,34222.0
361278,389,85560737ffda7254ba16b71e4c5b519b85a51942ab02c69ca358f1d4d8f83acc,3.0,17.0,461707.0,3.0,1.0,0.0,0.0,0.0,0.0,116806.0
361141,389,4974cd07394c019c0dc9ba01e949ac581e65e5aa74e4392dece7e8a1f292e6e3,1.0,17.0,264699.0,3.0,1.0,0.0,0.0,0.0,0.0,15933.0
361118,389,27b8e8e3bec08da1248b3397834ffb4a9932bfb2b3b8795c6f6e5b9bc61aad41,1.0,9.0,231085.0,5.0,1.0,0.0,0.0,0.0,0.0,109923.0
360849,389,7f69fa9eab8f397d367e2bb61ee1fa008999a0aab91e061e8f4bfe25fb35807d,3.0,12.0,2285386.0,3.0,1.0,0.0,0.0,0.0,0.0,10837.0
361292,389,c6def618ad861703c025be4f41bdf7569310228ae93aeffc73088c520c79558d,1.0,2.0,444392.0,3.0,1.0,0.0,0.0,0.0,0.0,66595.0
361137,389,7c37f3bf824a79d44aec8a7576691dc98c58e8bbc453b5c3e4a2c809b8e1b46a,1.0,12.0,331966.0,2.0,2.0,0.0,0.0,0.0,0.0,67608.0
361459,390,ff483c74ef2977bfcf04be0a79363af72d1812aac9ce1fcdf671b4433218f6ad,2.0,17.0,41066.0,3.0,1.0,0.0,0.0,0.0,0.0,8825.0
361851,390,115320f452f39ac84f789530964e49f241d4cb2a3d90c870f1e7955b5a1572d5,1.0,19.0,153711.0,2.0,1.0,0.0,0.0,0.0,0.0,18197.0
361864,390,1055d3fd1ce845e22dfe46868a85fd4903e75987f863ae236425fece3ddff2a5,1.0,18.0,1083539.0,2.0,1.0,0.0,0.0,0.0,0.0,52228.0
361437,390,be7d3c28b1cfcb04e646520dfebdedf1beaf32b89d7d649b1a19784143bedff4,1.0,4.0,227418.0,2.0,1.0,0.0,0.0,0.0,0.0,67614.0
361566,390,7c37f3bf824a79d44aec8a7576691dc98c58e8bbc453b5c3e4a2c809b8e1b46a,1.0,12.0,331966.0,2.0,1.0,0.0,0.0,0.0,0.0,33513.0
361857,390,c6def618ad861703c025be4f41bdf7569310228ae93aeffc73088c520c79558d,1.0,2.0,444392.0,3.0,1.0,0.0,0.0,0.0,0.0,59547.0
361711,390,d965728f86144f30286f2eb7bcfe51d5cb2bc9c228accbdbc858136d710676a3,1.0,17.0,993823.0,4.0,1.0,0.0,0.0,0.0,0.0,51664.0
361856,390,67657692d6856504a9ab96bae3bbb21effe7f59f8aa0a4f34b305c032b68e54e,1.0,2.0,85208.0,3.0,1.0,0.0,0.0,0.0,0.0,31128.0
361575,390,c1122b414958c98c43f3879e543dae4b4cd0374cdf8f2e1fa6ebcdc247cbcfe0,1.0,18.0,341725.0,3.0,1.0,0.0,0.0,0.0,0.0,38017.0
361861,390,823fc5ce48cd827628ce0d1c574e6c3582cb772cf6173a9384df22d56bb72f0c,1.0,17.0,114439.0,2.0,1.0,0.0,0.0,0.0,0.0,72530.0
361569,390,304d1c4943cb83843d54cf044f1a919545e89f6e6bf8acd060903292e5c988db,1.0,14.0,577644.0,4.0,1.0,0.0,0.0,0.0,0.0,122070.0
361570,390,4974cd07394c019c0dc9ba01e949ac581e65e5aa74e4392dece7e8a1f292e6e3,1.0,17.0,264699.0,3.0,1.0,0.0,0.0,0.0,0.0,15966.0
361847,390,85560737ffda7254ba16b71e4c5b519b85a51942ab02c69ca358f1d4d8f83acc,3.0,17.0,461707.0,3.0,1.0,0.0,0.0,0.0,0.0,31618.0
361442,390,7b1ea66e757368e4b4371100aad46609c47499811b62a80507ba4006f0bbab32,1.0,19.0,123830.0,3.0,1.0,0.0,0.0,0.0,0.0,12263.0
361545,390,81ecc7ab1a28a706816d641333a50f496f820a9011b136e9736e2c2f2a7781fc,1.0,18.0,13143.0,6.0,1.0,0.0,0.0,0.0,0.0,104727.0
361547,390,27b8e8e3bec08da1248b3397834ffb4a9932bfb2b3b8795c6f6e5b9bc61aad41,1.0,9.0,231085.0,5.0,1.0,0.0,0.0,0.0,0.0,110289.0
361551,390,65f7f99adb8fa77306cc4217b5d9352f0236d184c65545649b85235c51e9b5ca,1.0,19.0,128880.0,4.0,1.0,0.0,0.0,0.0,0.0,73686.0
361552,390,127189d3452b6e707329fd71bd84ea6eeb664bb311713a23806608608a3a80a7,1.0,18.0,88680.0,3.0,1.0,0.0,0.0,0.0,0.0,36467.0
361843,390,c89285f7fe6d464af399aaae1b29bf66d037e9a9e66a8c59951460af823efa5a,1.0,17.0,1715658.0,6.0,0.0,0.0,0.0,0.0,1.0,207314.0
362479,391,67657692d6856504a9ab96bae3bbb21effe7f59f8aa0a4f34b305c032b68e54e,1.0,2.0,85208.0,3.0,1.0,0.0,0.0,0.0,0.0,36316.0
362298,391,33ff49ea8a07c6d1b7cc203dcc3638ebde62dfb960a1697c8e5a55dffefc1cb6,1.0,9.0,367478.0,3.0,1.0,0.0,0.0,0.0,0.0,35169.0
362225,391,c90197eb61812d8b41228fa0d602f9d5062b10f4c18feca4e32d28dd6e16d4b5,1.0,15.0,246664.0,3.0,1.0,0.0,0.0,0.0,0.0,83491.0
362208,391,cdd50c23d3f96be5c5e9c4c62139638f2ff5039a2ee689e8a9e5654cad506cb4,1.0,17.0,32051.0,5.0,1.0,0.0,0.0,0.0,0.0,55077.0
362003,391,54120a833a4e411f5e15fd3fbdf32e9cd66e000cd6f5ba24bc910ce5e3d46275,1.0,18.0,718481.0,3.0,1.0,0.0,0.0,0.0,0.0,40196.0
362287,391,196d8720ded07e7f8f7f457ce45cb712bcecb86084bebcc1696d4356c1451b63,3.0,12.0,612138.0,2.0,0.0,0.0,0.0,0.0,2.0,16044.0
362147,391,4974cd07394c019c0dc9ba01e949ac581e65e5aa74e4392dece7e8a1f292e6e3,1.0,17.0,264699.0,3.0,1.0,0.0,0.0,0.0,0.0,15923.0
362451,391,56c54246295db022623515854e7c94767c88dd18c89f8ef20d8263c066ca2375,1.0,13.0,679.0,6.0,1.0,0.0,0.0,0.0,0.0,34765.0
362101,391,95a6c0fd787a7f03473b58897e0d696d4ba27c61003f9277493d438798c7191a,3.0,12.0,287141.0,3.0,1.0,0.0,0.0,0.0,0.0,17442.0
362132,391,127189d3452b6e707329fd71bd84ea6eeb664bb311713a23806608608a3a80a7,1.0,18.0,88680.0,3.0,1.0,0.0,0.0,0.0,0.0,36368.0
362149,391,bdda3ef79c5f052fd281c9f28f50a25977444eceaf9751e4595fcb6099a48ea0,3.0,19.0,2390889.0,4.0,1.0,0.0,0.0,0.0,0.0,12285.0
362296,391,7629f010080267f680a4ca9c6cac71c4d4d86933dcc7ed2f3625fde2c161e9de,1.0,18.0,506366.0,3.0,1.0,0.0,0.0,0.0,0.0,34199.0
362483,391,823fc5ce48cd827628ce0d1c574e6c3582cb772cf6173a9384df22d56bb72f0c,1.0,17.0,114439.0,2.0,1.0,0.0,0.0,0.0,0.0,72357.0
362285,391,36586210d146ac7ed8b59044cb10bd599037a1d37d6ea1b8c7ec6d573ec082a8,1.0,3.0,68721.0,2.0,1.0,0.0,0.0,0.0,0.0,34619.0
362223,391,7b1ea66e757368e4b4371100aad46609c47499811b62a80507ba4006f0bbab32,1.0,19.0,123830.0,3.0,1.0,0.0,0.0,0.0,0.0,17476.0
362127,391,27b8e8e3bec08da1248b3397834ffb4a9932bfb2b3b8795c6f6e5b9bc61aad41,1.0,9.0,231085.0,5.0,1.0,0.0,0.0,0.0,0.0,104234.0
362153,391,c1122b414958c98c43f3879e543dae4b4cd0374cdf8f2e1fa6ebcdc247cbcfe0,1.0,18.0,341725.0,3.0,1.0,0.0,0.0,0.0,0.0,38021.0
362220,391,be7d3c28b1cfcb04e646520dfebdedf1beaf32b89d7d649b1a19784143bedff4,1.0,4.0,227418.0,2.0,1.0,0.0,0.0,0.0,0.0,53220.0
361998,391,b8cfc88cb10db943a81ed8219fde7dfcdfad98c20deab517f3cf02d1178a75ac,1.0,17.0,450527.0,2.0,1.0,0.0,0.0,0.0,0.0,48500.0
362449,391,30256bc6c84e2b76b595244837d9eabaf2f382a2c5b2176fd601948047869f96,2.0,11.0,9669.0,5.0,0.0,0.0,0.0,0.0,1.0,109919.0
362301,391,7f80a55af5ad808f487527da96ed6cb5abb4f7b393df49c5578b1ba648eed2ab,1.0,15.0,730349.0,3.0,1.0,0.0,0.0,0.0,0.0,17632.0
362175,391,cadb98ceea1ca9355fd64e4085b1a1de9ac2960b89649057a93c79a9173245c3,1.0,12.0,555847.0,3.0,1.0,0.0,0.0,0.0,0.0,55126.0
362470,391,85560737ffda7254ba16b71e4c5b519b85a51942ab02c69ca358f1d4d8f83acc,3.0,17.0,461707.0,3.0,1.0,0.0,0.0,0.0,0.0,25656.0
362480,391,c6def618ad861703c025be4f41bdf7569310228ae93aeffc73088c520c79558d,1.0,2.0,444392.0,3.0,1.0,0.0,0.0,0.0,0.0,67830.0
362144,391,7c37f3bf824a79d44aec8a7576691dc98c58e8bbc453b5c3e4a2c809b8e1b46a,1.0,12.0,331966.0,2.0,1.0,0.0,0.0,0.0,0.0,30570.0
362176,391,b212d14cb35676926682b2cf849e295d948888f556c07e854c4cdad9f32f5084,1.0,2.0,98177.0,2.0,1.0,0.0,0.0,0.0,0.0,45207.0
362125,391,81ecc7ab1a28a706816d641333a50f496f820a9011b136e9736e2c2f2a7781fc,1.0,18.0,13143.0,6.0,1.0,0.0,0.0,0.0,0.0,83378.0
362155,391,b43e3dd717e551dd5ef8801592f60d121670dc6afe3749dd11164aa816757b86,2.0,14.0,938553.0,3.0,0.0,0.0,0.0,0.0,1.0,12545.0
362002,391,d965728f86144f30286f2eb7bcfe51d5cb2bc9c228accbdbc858136d710676a3,1.0,17.0,993823.0,4.0,2.0,0.0,0.0,0.0,0.0,53730.0
362929,392,b8036895360ec76bac5d7c0b7d47aaa9b229057bd0e560f330bf31c62d52fd09,3.0,13.0,309.0,2.0,1.0,0.0,0.0,0.0,0.0,59318.0
363158,392,1055d3fd1ce845e22dfe46868a85fd4903e75987f863ae236425fece3ddff2a5,1.0,18.0,1083539.0,2.0,1.0,0.0,0.0,0.0,0.0,34609.0
362955,392,7629f010080267f680a4ca9c6cac71c4d4d86933dcc7ed2f3625fde2c161e9de,1.0,18.0,506366.0,3.0,1.0,0.0,0.0,0.0,0.0,34049.0
362725,392,d965728f86144f30286f2eb7bcfe51d5cb2bc9c228accbdbc858136d710676a3,1.0,17.0,993823.0,4.0,1.0,0.0,0.0,0.0,0.0,72330.0
362918,392,cdd50c23d3f96be5c5e9c4c62139638f2ff5039a2ee689e8a9e5654cad506cb4,1.0,17.0,32051.0,5.0,1.0,0.0,0.0,0.0,0.0,68934.0
362869,392,4974cd07394c019c0dc9ba01e949ac581e65e5aa74e4392dece7e8a1f292e6e3,1.0,17.0,264699.0,3.0,1.0,0.0,0.0,0.0,0.0,15852.0
362733,392,12c9e6d35500d2a96fc2b22a9da8e3deb6048de515a16e9187a67cdcf485350f,3.0,19.0,1230244.0,2.0,1.0,0.0,0.0,0.0,0.0,38815.0
362855,392,a35ca0ad8421ca39eaf5cb188848f888fb2fe7dc9e1da741fec337562bfea88f,1.0,3.0,250729.0,4.0,1.0,0.0,0.0,0.0,0.0,140376.0
363149,392,115320f452f39ac84f789530964e49f241d4cb2a3d90c870f1e7955b5a1572d5,1.0,19.0,153711.0,2.0,1.0,0.0,0.0,0.0,0.0,18252.0
362930,392,6bca6f93b8059ec294ad2379cc46471e360fbe95f0cd0379eca355aef290c0b6,1.0,18.0,1085860.0,3.0,1.0,0.0,0.0,0.0,0.0,60508.0
362858,392,127189d3452b6e707329fd71bd84ea6eeb664bb311713a23806608608a3a80a7,1.0,18.0,88680.0,3.0,1.0,0.0,0.0,0.0,0.0,36195.0
363153,392,c6def618ad861703c025be4f41bdf7569310228ae93aeffc73088c520c79558d,1.0,2.0,444392.0,3.0,1.0,0.0,0.0,0.0,0.0,74641.0
362853,392,27b8e8e3bec08da1248b3397834ffb4a9932bfb2b3b8795c6f6e5b9bc61aad41,1.0,9.0,231085.0,5.0,1.0,0.0,0.0,0.0,0.0,103173.0
363167,392,0b040c4903ee8959f79b7f294cf01d1b1e2ac8240701bc2b8d7d309656a4cd07,3.0,9.0,238096.0,3.0,0.0,0.0,0.0,0.0,1.0,20542.0
363155,392,823fc5ce48cd827628ce0d1c574e6c3582cb772cf6173a9384df22d56bb72f0c,1.0,17.0,114439.0,2.0,1.0,0.0,0.0,0.0,0.0,72014.0
362953,392,196d8720ded07e7f8f7f457ce45cb712bcecb86084bebcc1696d4356c1451b63,3.0,12.0,612138.0,2.0,0.0,0.0,0.0,0.0,2.0,16601.0
363137,392,8a6d524801e451d4aeb4c63d96fa0bb1043179e6a50c34be20e3d0982070c56e,3.0,7.0,725.0,6.0,0.0,0.0,0.0,1.0,0.0,85558.0
363129,392,0d3e7ad0d93fda5febaf0dccd73ab1556aecc5339faa306068d79bc2cc827370,1.0,15.0,210944.0,4.0,1.0,0.0,0.0,0.0,0.0,85115.0
363124,392,16fbc659bf1f2d26998be3a44b843c842cb9a753a229b4dd671bc55ddae89ffd,1.0,19.0,47353.0,6.0,1.0,0.0,0.0,0.0,0.0,35583.0
363145,392,85560737ffda7254ba16b71e4c5b519b85a51942ab02c69ca358f1d4d8f83acc,3.0,17.0,461707.0,3.0,1.0,0.0,0.0,0.0,0.0,40790.0
362850,392,b1a82f6fed0e32b7e83be8fabc6381d84f8799c2c6f7e1b66ee029cad842cfbf,3.0,17.0,172554.0,5.0,0.0,0.0,0.0,0.0,1.0,1038.0
362851,392,235fc2d993edddded8510d46ebd3928382423b7e0d6a728c4f41bfe3b3aa9d34,1.0,14.0,90550.0,4.0,1.0,0.0,0.0,0.0,0.0,55407.0
362727,392,54120a833a4e411f5e15fd3fbdf32e9cd66e000cd6f5ba24bc910ce5e3d46275,1.0,18.0,718481.0,3.0,1.0,0.0,0.0,0.0,0.0,33659.0
362723,392,c62baab3b4829e0c15b13741548b58719a8c63b4b6a25b2213a688fe407cd91b,1.0,2.0,0.0,3.0,1.0,0.0,0.0,0.0,0.0,27079.0
363130,392,56c54246295db022623515854e7c94767c88dd18c89f8ef20d8263c066ca2375,1.0,13.0,679.0,6.0,1.0,0.0,0.0,0.0,0.0,34663.0
362926,392,be7d3c28b1cfcb04e646520dfebdedf1beaf32b89d7d649b1a19784143bedff4,1.0,4.0,227418.0,2.0,1.0,0.0,0.0,0.0,0.0,67106.0
362848,392,81ecc7ab1a28a706816d641333a50f496f820a9011b136e9736e2c2f2a7781fc,1.0,18.0,13143.0,6.0,1.0,0.0,0.0,0.0,0.0,112793.0
364470,393,4974cd07394c019c0dc9ba01e949ac581e65e5aa74e4392dece7e8a1f292e6e3,1.0,17.0,264699.0,3.0,1.0,0.0,0.0,0.0,0.0,15869.0
365004,393,7f69fa9eab8f397d367e2bb61ee1fa008999a0aab91e061e8f4bfe25fb35807d,3.0,12.0,2285386.0,3.0,2.0,0.0,0.0,0.0,0.0,16207.0
364778,393,7629f010080267f680a4ca9c6cac71c4d4d86933dcc7ed2f3625fde2c161e9de,1.0,18.0,506366.0,3.0,1.0,0.0,0.0,0.0,0.0,34083.0
364775,393,59137878114c4210c5f28a49b0e6ae754c0e42387a43025eafb09f04d48cb082,3.0,12.0,413998.0,3.0,1.0,0.0,0.0,0.0,0.0,65994.0
364478,393,8eaa3e3a1678efd0f863921c0989d0220b7d08c5876290344d682ca926b9932e,3.0,12.0,1716918.0,3.0,1.0,0.0,0.0,0.0,0.0,71491.0
364753,393,52ae0057ef14fb63f4428ffd8a57e8e14b598dad0f638420d08ee1c2c3e58b8d,3.0,12.0,324231.0,3.0,1.0,0.0,0.0,0.0,0.0,67228.0
364454,393,a35ca0ad8421ca39eaf5cb188848f888fb2fe7dc9e1da741fec337562bfea88f,1.0,3.0,250729.0,4.0,1.0,0.0,0.0,0.0,0.0,138535.0
364678,393,cdd50c23d3f96be5c5e9c4c62139638f2ff5039a2ee689e8a9e5654cad506cb4,1.0,17.0,32051.0,5.0,1.0,0.0,0.0,0.0,0.0,36568.0
365008,393,12c9e6d35500d2a96fc2b22a9da8e3deb6048de515a16e9187a67cdcf485350f,3.0,19.0,1230244.0,2.0,1.0,0.0,0.0,0.0,0.0,67845.0
364686,393,64ed87c9ddcc4a625b0b39f3e47382e6319c7947dcc518064cdc82f0eb0d8b68,3.0,17.0,2128884.0,3.0,1.0,0.0,0.0,0.0,0.0,228407.0
364994,393,c62baab3b4829e0c15b13741548b58719a8c63b4b6a25b2213a688fe407cd91b,1.0,2.0,0.0,3.0,1.0,0.0,0.0,0.0,0.0,25656.0
364715,393,be7d3c28b1cfcb04e646520dfebdedf1beaf32b89d7d649b1a19784143bedff4,1.0,4.0,227418.0,2.0,1.0,0.0,0.0,0.0,0.0,70833.0
364734,393,d413e74df0f4d9831ba04e480979144e0374b3a687d011a3aeb628acd9f9d7bd,1.0,18.0,66224.0,4.0,1.0,0.0,0.0,0.0,0.0,55175.0
364779,393,33ff49ea8a07c6d1b7cc203dcc3638ebde62dfb960a1697c8e5a55dffefc1cb6,1.0,9.0,367478.0,3.0,1.0,0.0,0.0,0.0,0.0,35050.0
364721,393,6bca6f93b8059ec294ad2379cc46471e360fbe95f0cd0379eca355aef290c0b6,1.0,18.0,1085860.0,3.0,1.0,0.0,0.0,0.0,0.0,60610.0
364452,393,27b8e8e3bec08da1248b3397834ffb4a9932bfb2b3b8795c6f6e5b9bc61aad41,1.0,9.0,231085.0,5.0,1.0,0.0,0.0,0.0,0.0,110718.0
364995,393,b8cfc88cb10db943a81ed8219fde7dfcdfad98c20deab517f3cf02d1178a75ac,1.0,17.0,450527.0,2.0,1.0,0.0,0.0,0.0,0.0,43076.0
364687,393,67657692d6856504a9ab96bae3bbb21effe7f59f8aa0a4f34b305c032b68e54e,1.0,2.0,85208.0,3.0,1.0,0.0,0.0,0.0,0.0,36316.0
364670,393,74214c478dc6519fbefe4bc31693865bdcd698ab974b6435bb8fa842a3ed4fd8,3.0,15.0,201906.0,5.0,1.0,0.0,0.0,0.0,0.0,28006.0
364643,393,b212d14cb35676926682b2cf849e295d948888f556c07e854c4cdad9f32f5084,1.0,2.0,98177.0,2.0,1.0,0.0,0.0,0.0,0.0,45220.0
364724,393,7b1ea66e757368e4b4371100aad46609c47499811b62a80507ba4006f0bbab32,1.0,19.0,123830.0,3.0,1.0,0.0,0.0,0.0,0.0,17423.0
364718,393,b8036895360ec76bac5d7c0b7d47aaa9b229057bd0e560f330bf31c62d52fd09,3.0,13.0,309.0,2.0,1.0,0.0,0.0,0.0,0.0,69880.0
364447,393,235fc2d993edddded8510d46ebd3928382423b7e0d6a728c4f41bfe3b3aa9d34,1.0,14.0,90550.0,4.0,1.0,0.0,0.0,0.0,0.0,61458.0
364669,393,85560737ffda7254ba16b71e4c5b519b85a51942ab02c69ca358f1d4d8f83acc,3.0,17.0,461707.0,3.0,1.0,0.0,0.0,0.0,0.0,23783.0
364599,393,16fbc659bf1f2d26998be3a44b843c842cb9a753a229b4dd671bc55ddae89ffd,1.0,19.0,47353.0,6.0,1.0,0.0,0.0,0.0,0.0,35741.0
364689,393,c6def618ad861703c025be4f41bdf7569310228ae93aeffc73088c520c79558d,1.0,2.0,444392.0,3.0,1.0,0.0,0.0,0.0,0.0,66510.0
364603,393,0d3e7ad0d93fda5febaf0dccd73ab1556aecc5339faa306068d79bc2cc827370,1.0,15.0,210944.0,4.0,1.0,0.0,0.0,0.0,0.0,86442.0
364999,393,54120a833a4e411f5e15fd3fbdf32e9cd66e000cd6f5ba24bc910ce5e3d46275,1.0,18.0,718481.0,3.0,1.0,0.0,0.0,0.0,0.0,34381.0
364458,393,127189d3452b6e707329fd71bd84ea6eeb664bb311713a23806608608a3a80a7,1.0,18.0,88680.0,3.0,1.0,0.0,0.0,0.0,0.0,36422.0
364993,393,2432456794234739664c8615fa02904e03900ba460b71333bf139dfa757382a8,2.0,19.0,114437.0,4.0,1.0,0.0,0.0,0.0,0.0,12343.0
364767,393,ff483c74ef2977bfcf04be0a79363af72d1812aac9ce1fcdf671b4433218f6ad,2.0,17.0,41066.0,3.0,1.0,0.0,0.0,0.0,0.0,8642.0
364698,393,823fc5ce48cd827628ce0d1c574e6c3582cb772cf6173a9384df22d56bb72f0c,1.0,17.0,114439.0,2.0,1.0,0.0,0.0,0.0,0.0,73829.0
364472,393,bdda3ef79c5f052fd281c9f28f50a25977444eceaf9751e4595fcb6099a48ea0,3.0,19.0,2390889.0,4.0,1.0,0.0,0.0,0.0,0.0,12184.0
364788,393,0ef49d08b4af68e9cb2b2aa63198699ee7dc7b5e1c4550244b97f635560b5920,2.0,19.0,28681.0,2.0,0.0,0.0,0.0,0.0,1.0,75072.0
364673,393,f8ce663f765e2459578d285a032a16046fba0b2bba8e12cb1a28479198535c8c,1.0,19.0,213486.0,6.0,2.0,0.0,0.0,0.0,0.0,140300.0
